"","baseMean","log2FoldChange","lfcSE","stat","pvalue","padj"
"ENSMUSG00000032028",1066.88288492141,3.18414564789203,0.279380225350758,11.3971761741347,4.31901680474612e-30,6.97218882790166e-26
"ENSMUSG00000075420",820.669879684838,1.60699768036677,0.153883483052049,10.4429510464305,1.57826649720834e-25,1.27389780322171e-21
"ENSMUSG00000059534",1403.64305867262,1.14520805768226,0.130822314147575,8.75391988854746,2.06067397995922e-18,1.10884866861606e-14
"ENSMUSG00000062638",214.857843121647,4.83137033675839,0.631745552835234,7.64765231045238,2.04681741643247e-14,6.60835471069388e-11
"ENSMUSG00000001930",1197.80321905753,-1.25273010944776,0.164654849709094,-7.60821871728064,2.77899277370093e-14,7.47688005764235e-11
"ENSMUSG00000100510",542.261829929883,-1.38308458413259,0.187781789578695,-7.36538184685353,1.76640516207312e-13,3.56438481641829e-10
"ENSMUSG00000041445",455.630339861763,-1.06589342152718,0.146305408100491,-7.28540000923999,3.2071727118394e-13,5.75259878746927e-10
"ENSMUSG00000023247",3570.68194294501,2.88618776770358,0.399497438654356,7.22454636361437,5.0277731378214e-13,7.37848561489553e-10
"ENSMUSG00000021213",1676.8853742823,1.24614210816353,0.172241096119211,7.23487098166779,4.65971903039973e-13,7.37848561489553e-10
"ENSMUSG00000091542",179.458761101991,-1.54413363897315,0.229767920523099,-6.72040568351629,1.81219303150443e-11,1.95028214050507e-08
"ENSMUSG00000021236",2615.58855745062,1.02749573936063,0.15269374688278,6.7291278152302,1.70683076208438e-11,1.95028214050507e-08
"ENSMUSG00000021904",288.489125029229,-1.07030818991387,0.16238969095437,-6.59098606336171,4.36914904254614e-11,4.40819831211389e-08
"ENSMUSG00000030711",1414.64660470846,1.81207284344713,0.277509531350433,6.52976794933536,6.58716674054679e-11,5.90759070514705e-08
"ENSMUSG00000047793",877.830696377897,-1.4042228169417,0.21545813456242,-6.51738129912602,7.15453959591763e-11,6.07872277352097e-08
"ENSMUSG00000028262",494.05212299333,-3.0394011894796,0.468880409999841,-6.48225245640063,9.03632693461313e-11,7.29367128527299e-08
"ENSMUSG00000035811",222.096903637255,2.47687918839679,0.385922256348008,6.41807811717198,1.38005441278198e-10,9.28259099397477e-08
"ENSMUSG00000024059",267.548907034334,-1.07197705203586,0.16792320003704,-6.38373406294908,1.72821111518478e-10,1.11594048129712e-07
"ENSMUSG00000078377",51.4316443147649,8.91312667779386,1.40103822158535,6.36180122745557,1.99401387486769e-10,1.23805253776881e-07
"ENSMUSG00000028179",558.504626384801,1.37354584616618,0.218204173343414,6.29477349181797,3.07849054293651e-10,1.65653576115414e-07
"ENSMUSG00000026398",806.219304491809,1.0152892815061,0.163285714102534,6.21786962249836,5.03950008445354e-10,2.54227030822917e-07
"ENSMUSG00000029260",3941.73931456286,1.29302082151676,0.210417769739196,6.14501723461572,7.99548328471858e-10,3.79620843132976e-07
"ENSMUSG00000036560",314.967006457383,-1.31694418849693,0.2145367205222,-6.1385490805088,8.32785839448755e-10,3.84104623034893e-07
"ENSMUSG00000039865",760.836965151627,1.18716628208719,0.195618268006416,6.06879047742237,1.28877148294352e-09,5.47490474977824e-07
"ENSMUSG00000059970",441.539860831831,-1.33734925794306,0.22225434268545,-6.01720192183501,1.77457670999221e-09,7.16174795735106e-07
"ENSMUSG00000001227",252.605501991954,-1.47625302628291,0.247190224753701,-5.9721335168243,2.34170755549037e-09,8.77847262373508e-07
"ENSMUSG00000078670",960.005323381788,1.02115044651548,0.170975501671179,5.97249568817968,2.33651323405929e-09,8.77847262373508e-07
"ENSMUSG00000026365",2346.11963049016,-1.20284555488011,0.204480816298968,-5.8824371725974,4.04268816894447e-09,1.33185949206675e-06
"ENSMUSG00000101249",235.262712925018,11.3544381069918,1.93856754079429,5.85712794011787,4.70940326240987e-09,1.52047793730165e-06
"ENSMUSG00000031871",613.383225465538,-1.04593475165152,0.179264395888401,-5.83459278942738,5.39220938823969e-09,1.67396992604526e-06
"ENSMUSG00000071551",1164.67617908644,2.549326660834,0.437592784703303,5.82579683657832,5.68407304626109e-09,1.73128285256213e-06
"ENSMUSG00000063882",2625.25095067114,1.16036394490989,0.201032887659203,5.77201053231138,7.83312187353094e-09,2.29909248008018e-06
"ENSMUSG00000030793",1920.72734332874,1.32434898232045,0.229717133406324,5.7651293252817,8.15952484556738e-09,2.35212874253561e-06
"ENSMUSG00000041268",337.828643770982,-1.03861469022165,0.181862330766717,-5.71099405711415,1.12318168789738e-08,2.87801936313134e-06
"ENSMUSG00000020581",9257.81792009381,1.33168834143618,0.233157017645275,5.71155161824127,1.11950729488961e-08,2.87801936313134e-06
"ENSMUSG00000047215",9183.01523840944,1.04330796945381,0.184196227473045,5.66411149547833,1.47788293009635e-08,3.61476729402203e-06
"ENSMUSG00000071528",989.891021877258,1.01121408932428,0.179161270095833,5.64415561903183,1.65993881939309e-08,3.94064593550921e-06
"ENSMUSG00000023057",624.767799913278,5.46991531604321,0.971619622861563,5.62968798420673,1.80535911608964e-08,4.16588961802071e-06
"ENSMUSG00000095649",6415.62649174712,2.15678015688199,0.384611931570415,5.60767875316713,2.05058183729342e-08,4.66232994358137e-06
"ENSMUSG00000020072",254.599576554425,1.4256568791479,0.254793210001616,5.5953487894707,2.20178674369417e-08,4.93658936159097e-06
"ENSMUSG00000039131",1896.65816636056,1.11061386047268,0.199029729818958,5.58014052213666,2.40324347946199e-08,5.2426431741831e-06
"ENSMUSG00000047945",1427.92250073244,-1.14417416504512,0.205406963248839,-5.57027934665979,2.54331228209879e-08,5.47422535598943e-06
"ENSMUSG00000044156",1575.38450281026,1.12274846310974,0.204667664684155,5.48571492640216,4.11800532183001e-08,8.30961998878773e-06
"ENSMUSG00000033191",562.766533051018,-1.01916381038715,0.185962059125091,-5.48049325320491,4.24141691649898e-08,8.3499016198833e-06
"ENSMUSG00000031173",49.4771029517086,7.13186487214746,1.31502386754598,5.42337295022373,5.84847889711277e-08,1.08519534294358e-05
"ENSMUSG00000070661",749.860907498578,1.68128019629848,0.311475986859938,5.39778431476487,6.74689056988712e-08,1.21016727188542e-05
"ENSMUSG00000042429",360.536107116382,-1.57166558133655,0.292551077002295,-5.37227754360386,7.77483165931109e-08,1.34956029544364e-05
"ENSMUSG00000021290",1348.70717244879,1.0415949389532,0.194433645128241,5.35707149997729,8.45816555486697e-08,1.43726491107597e-05
"ENSMUSG00000027296",89.1983573053255,2.17607289471594,0.412152357829456,5.27977786218653,1.29340597570456e-07,2.13055639446925e-05
"ENSMUSG00000023039",1612.98811651154,1.25245694594685,0.237631796983638,5.27057810379259,1.35994740488523e-07,2.1805604015067e-05
"ENSMUSG00000090124",2712.70768130322,1.02912341634844,0.195279824270331,5.26999356023488,1.36428545222187e-07,2.1805604015067e-05
"ENSMUSG00000103711",819.106291979321,1.28802155891544,0.247437882418933,5.20543397124096,1.9354375861122e-07,3.00420855313551e-05
"ENSMUSG00000025716",35.3247292226973,3.03653059123034,0.58541094889602,5.18700683162262,2.13700894518473e-07,3.22408742075861e-05
"ENSMUSG00000038717",1887.0874488538,1.00884523050416,0.194603781030034,5.18409881434144,2.17061834832273e-07,3.24447148120128e-05
"ENSMUSG00000094840",990.689873430172,1.98368600284712,0.384060393885058,5.16503663077741,2.40391840350152e-07,3.56022520988303e-05
"ENSMUSG00000042099",255.661739943713,-1.03662296905236,0.201064686749059,-5.15566898301802,2.52727008630862e-07,3.67547036065587e-05
"ENSMUSG00000052485",711.99595475489,1.14685174386078,0.222882459821188,5.14554507690227,2.66745137415803e-07,3.81067854274629e-05
"ENSMUSG00000020275",960.191926938878,-1.66813144573907,0.324644173796964,-5.13833784918725,2.77179220125608e-07,3.92500364077868e-05
"ENSMUSG00000039911",508.17654590271,-1.3308428273471,0.260584866501888,-5.10713782121135,3.27075193603426e-07,4.48593420640968e-05
"ENSMUSG00000060961",2610.47528951122,2.04500293801482,0.401139642357307,5.09798265261771,3.43292269370675e-07,4.65694714659732e-05
"ENSMUSG00000028544",851.773152231145,-1.74628746127357,0.342881986284267,-5.09296939217392,3.52498623303159e-07,4.74198772998574e-05
"ENSMUSG00000074218",117.72262871331,1.56896095737322,0.309773446081885,5.06486587929969,4.08687984082203e-07,5.3205242959992e-05
"ENSMUSG00000040322",3731.55901206453,1.02330092169692,0.204771435947857,4.99728351740181,5.81435532881862e-07,7.22008754408608e-05
"ENSMUSG00000062410",569.136832109591,2.98214202254367,0.598435298224318,4.98323215791633,6.25308499863149e-07,7.68926259078423e-05
"ENSMUSG00000025902",88.3919863259318,-1.64752954968174,0.330874521146346,-4.97931827441327,6.38086348790407e-07,7.74483302896507e-05
"ENSMUSG00000049971",254.286789019322,1.1078901986131,0.224465721282643,4.93567655801694,7.98733846993459e-07,9.27623056979526e-05
"ENSMUSG00000004328",220.052914446955,-1.37013532589504,0.27791399091566,-4.93006962830756,8.22003139508959e-07,9.47828334363795e-05
"ENSMUSG00000064246",187.722745911357,-2.69059821008816,0.548702947270441,-4.90356070342381,9.41148401145519e-07,0.00010335346013396
"ENSMUSG00000040809",372.415468293504,-2.0645663508043,0.421789019500808,-4.89478449023574,9.84135152954926e-07,0.000107343876852374
"ENSMUSG00000027359",44.5198324747866,4.719182887404,0.966517846016672,4.88266502978011,1.04661580368969e-06,0.000111890853767965
"ENSMUSG00000028307",503.950978009763,2.66259620071435,0.547063258602676,4.86707187668795,1.13263844348662e-06,0.000118728457098731
"ENSMUSG00000063415",89.8157048907282,-2.04038548598749,0.420257876071476,-4.85507970739487,1.20338329429101e-06,0.000124527028972691
"ENSMUSG00000026580",281.123077789242,-1.60972188962278,0.332299261125981,-4.84419340617345,1.27127054587782e-06,0.000128265627944881
"ENSMUSG00000032511",72.3641603702317,-1.33579255468102,0.27666285779538,-4.8282323305898,1.37750328868273e-06,0.000137265651785218
"ENSMUSG00000016024",891.026116712789,-1.91051097543022,0.395880635975421,-4.82597733208865,1.39318355049903e-06,0.000137976454329484
"ENSMUSG00000097767",208.930056401265,-1.31875716365285,0.274519135746307,-4.80388064776499,1.55619614094581e-06,0.00015225257153508
"ENSMUSG00000061959",82.9503284733804,3.67148815205016,0.76787249491596,4.7813773463158,1.74098213729558e-06,0.000168291464924326
"ENSMUSG00000020310",92.2322663251549,-1.39858097932563,0.29302973080757,-4.77282962200195,1.81655459264552e-06,0.000171961401715465
"ENSMUSG00000059901",100.981408040106,-1.35292107586407,0.283488437284477,-4.77240302575879,1.82040765713708e-06,0.000171961401715465
"ENSMUSG00000003863",202.030081183709,1.95256901655848,0.409148392508114,4.77227590847681,1.82155731235486e-06,0.000171961401715465
"ENSMUSG00000030249",2328.07146987622,-1.07470836704016,0.227488612535036,-4.72422929246465,2.3098968102219e-06,0.000209486877569731
"ENSMUSG00000073043",899.546981135869,1.33249056885558,0.281994215509846,4.72524078710776,2.29842848854188e-06,0.000209486877569731
"ENSMUSG00000121260",55.9323283578209,2.5269613969759,0.536061746469782,4.7139371790976,2.42975600734737e-06,0.000215514017728619
"ENSMUSG00000028370",968.512740442019,-1.42467635316945,0.302756948426035,-4.70567681625814,2.53025090566428e-06,0.000223201313498024
"ENSMUSG00000031613",1989.69743852039,1.04935730337676,0.22340138595934,4.69718349718628,2.63773466263921e-06,0.000228929842252606
"ENSMUSG00000016252",1366.42386396155,1.24775434318576,0.26577697161768,4.69474212002329,2.66943265589904e-06,0.000230441985904696
"ENSMUSG00000019689",191.029514337989,1.08480710680886,0.231171515866593,4.69265040176874,2.69688129540502e-06,0.000231573163572996
"ENSMUSG00000026773",1052.74137725913,-1.69355604427222,0.362180968936076,-4.67599401825868,2.92533133443555e-06,0.000244409166682986
"ENSMUSG00000039323",240.454343940512,2.04068333563856,0.437345168746594,4.66607037523025,3.07014586597443e-06,0.000253980674233535
"ENSMUSG00000006958",321.457901492517,-1.03976296090692,0.222931738723768,-4.66404185810113,3.10058270020268e-06,0.00025407465243336
"ENSMUSG00000036995",171.45273187239,-1.00158106067332,0.214826213292158,-4.66228513422238,3.12717510440742e-06,0.000254959533891157
"ENSMUSG00000126291",38.6182628383259,2.14730492590428,0.461413074998829,4.65375829653231,3.259388509155e-06,0.0002642596502946
"ENSMUSG00000078566",854.288820398349,-1.26184789379715,0.272623428172743,-4.62853798829644,3.68256317366254e-06,0.000292845405479972
"ENSMUSG00000052749",110.997237909985,-1.93640768704064,0.418586407887304,-4.62606441717519,3.72679431531458e-06,0.000294910003098643
"ENSMUSG00000037362",644.571399273965,2.21028407950672,0.478544422206708,4.61876468920995,3.86031325734646e-06,0.000302509887928854
"ENSMUSG00000004038",189.681642472043,2.47177503581068,0.536134648140568,4.61036242366228,4.01967581940223e-06,0.000311969359387549
"ENSMUSG00000031480",73.1631810393492,-1.11788261229723,0.243436804843849,-4.59208546141691,4.38838582030883e-06,0.000332590198578617
"ENSMUSG00000128875",42.9193866625075,2.74996784184785,0.599759272767552,4.58511934156231,4.5372720021296e-06,0.000340675264792456
"ENSMUSG00000034473",362.58556066572,1.0126428082224,0.220970140112312,4.58271333723059,4.58981053957874e-06,0.000341307546857612
"ENSMUSG00000029153",1747.19813764362,1.64447960831677,0.359312919371812,4.57673387083276,4.72291658564491e-06,0.000348137180100757
"ENSMUSG00000032883",3002.16360451798,1.07910954995488,0.237087811786572,4.55151845142634,5.32601258768341e-06,0.000382123649790992
"ENSMUSG00000006360",2618.97883649606,1.12968328007388,0.248346471931327,4.54881952334018,5.39476837882906e-06,0.000383646457882985
"ENSMUSG00000029201",3177.64045041665,1.4322000212677,0.316173405426485,4.52979281839284,5.90415544288028e-06,0.000410822333251795
"ENSMUSG00000036805",374.125673739414,1.60916518789624,0.35532163997948,4.52875650351374,5.93318244883241e-06,0.0004110702329249
"ENSMUSG00000024747",150.893475851943,1.24887348027332,0.276564294898852,4.51567141279055,6.311646802343e-06,0.000433569848213715
"ENSMUSG00000029596",122.615208533819,1.25542414049287,0.278288971640096,4.51122490803006,6.445433450819e-06,0.000439023764542495
"ENSMUSG00000060636",4796.87694561452,1.12371792093995,0.250392300562699,4.48782937180837,7.19525187910623e-06,0.000474376183560464
"ENSMUSG00000029161",431.259215604854,1.7349561699962,0.388328542627007,4.46775340864561,7.90453478978221e-06,0.000506360734569262
"ENSMUSG00000085004",32.3050221669127,3.28776585164421,0.737712970837678,4.45670061610946,8.32307108990654e-06,0.000526328803375
"ENSMUSG00000063522",4203.27015285113,-2.04851076133592,0.460874903061919,-4.444830360096,8.79612468560398e-06,0.000548246489574151
"ENSMUSG00000024190",998.072322199824,-1.2714928131313,0.28668629185005,-4.43513641662484,9.20140037028997e-06,0.000569111901063567
"ENSMUSG00000033805",60.1679080351177,1.35885930828533,0.306466061202153,4.43396343123616,9.25163255116954e-06,0.000569793287687042
"ENSMUSG00000006522",89.0492735966153,-1.16593732227065,0.264106158180142,-4.41465405541729,1.01171647624996e-05,0.000613990190830942
"ENSMUSG00000020163",950.321804351017,1.03885350392998,0.235696804228419,4.4075841729411,1.04529982899898e-05,0.000624973153315946
"ENSMUSG00000139288",78.6986163685407,2.82757487122989,0.642151358603277,4.40328410638274,1.06624386265763e-05,0.000635142976932917
"ENSMUSG00000040808",51.9009245139311,4.37473179995374,0.993946655521867,4.40137483802569,1.07567111445897e-05,0.00063840289708497
"ENSMUSG00000028132",526.33711348726,1.11695867548237,0.254189295185572,4.39420029339523,1.11181273066201e-05,0.000652654287675523
"ENSMUSG00000035105",1830.88356390644,-1.54760994559914,0.352373209856656,-4.39196256216157,1.12332045193666e-05,0.000657020364333821
"ENSMUSG00000025854",172.313095314627,-1.1213853750553,0.256241564110532,-4.37628211858548,1.20720745785444e-05,0.000698492831259649
"ENSMUSG00000020080",111.216224512405,3.78450989602668,0.871583049690526,4.34211048203662,1.41120533243539e-05,0.000791009988941126
"ENSMUSG00000034579",164.192960182959,1.20646705266744,0.278275634282006,4.33551092527491,1.45421951072285e-05,0.000809498812468927
"ENSMUSG00000042510",268.110895039844,1.48970545726068,0.344390674421899,4.32562658603148,1.5209889259761e-05,0.000826711253603777
"ENSMUSG00000018126",719.941856875352,2.23569107600432,0.518023316365641,4.31581167367047,1.59017509889051e-05,0.000858535004059852
"ENSMUSG00000057863",2284.00380001953,1.18276435479329,0.274347842479845,4.31118518776097,1.62381836954667e-05,0.00087377666465306
"ENSMUSG00000025290",8396.9224274042,1.16580537690009,0.27057770674332,4.30857882170617,1.64306920720555e-05,0.000878280338143021
"ENSMUSG00000128633",6633.67430582527,1.39970978099452,0.325316710295074,4.30260646532708,1.68800513841738e-05,0.000899322341566724
"ENSMUSG00000062328",7829.09697045213,1.32780901563094,0.308744329067144,4.30067499423504,1.70278642980285e-05,0.000904213201852218
"ENSMUSG00000061477",8518.61174543732,1.0267655814109,0.2396853741712,4.28380573892471,1.83723338853546e-05,0.000955203951830626
"ENSMUSG00000063730",146.018500391689,2.01752570294908,0.471011101110989,4.28339310515246,1.84064548670735e-05,0.000955203951830626
"ENSMUSG00000003949",216.437340953584,-1.48408697201062,0.347242468161155,-4.27392127428912,1.92064874439257e-05,0.00098742142295316
"ENSMUSG00000035506",533.584852508602,1.77887644648398,0.416296979109266,4.27309477548978,1.92778467285146e-05,0.000987943745201307
"ENSMUSG00000058396",96.6448708736597,-1.16918495010298,0.273705869446773,-4.27168387899826,1.94002462751996e-05,0.000991070176014391
"ENSMUSG00000058914",237.564123806648,1.58805422707983,0.372635563629833,4.26168187386796,2.02894133204969e-05,0.00102706524750782
"ENSMUSG00000093674",6573.01355825449,1.26875119450201,0.298151657898696,4.25538869528303,2.08686159485701e-05,0.00103975946684496
"ENSMUSG00000090733",3395.97467499264,1.04458375978482,0.245654304727356,4.25225098719184,2.11632479789948e-05,0.00105119480653819
"ENSMUSG00000031538",640.065630832123,-1.04208337860274,0.245876595896936,-4.23823737595405,2.25281507734889e-05,0.00110205658014235
"ENSMUSG00000024053",412.677794767296,-1.15041472656887,0.271979241555731,-4.22978871471387,2.33910900363504e-05,0.0011373565254723
"ENSMUSG00000035561",2295.74465665168,1.52186064409966,0.359913775680224,4.22840343141465,2.35355494255911e-05,0.00114094406719915
"ENSMUSG00000022546",249.295290844287,1.71638358886305,0.407133969252454,4.2157710200761,2.48926240467449e-05,0.00119885108403816
"ENSMUSG00000023078",1547.96786099274,-2.00652588403267,0.476018616791659,-4.21522565137589,2.49528566088596e-05,0.00119885108403816
"ENSMUSG00000121655",555.184021206843,1.03967727342113,0.24692483889879,4.21050096886881,2.54805030880431e-05,0.00121336802758195
"ENSMUSG00000022389",1223.16407803806,-1.0846250691125,0.258933192224927,-4.18882206561732,2.80406146804709e-05,0.00129331326510526
"ENSMUSG00000022844",598.619232271535,1.18799910458773,0.283881832665832,4.18483667458271,2.85371206424977e-05,0.00131246364254085
"ENSMUSG00000066361",67.6596788493893,-1.45868556208312,0.348753482282685,-4.18256916758401,2.88233285982092e-05,0.00131439263717766
"ENSMUSG00000056025",278.700894332761,-1.49771098668947,0.359303436903149,-4.16837367212042,3.06780709928896e-05,0.0013872159664936
"ENSMUSG00000025967",5956.52308925208,1.0405349991618,0.249596889504518,4.16886204482516,3.06124198166323e-05,0.0013872159664936
"ENSMUSG00000033715",1890.32997296109,1.05054530762004,0.252279717987736,4.16420834777971,3.12434717511696e-05,0.00140883621362886
"ENSMUSG00000027938",266.576174266549,1.63080364471923,0.392324142122603,4.15677616956236,3.22769938963786e-05,0.00143935776925204
"ENSMUSG00000094930",100.608661687234,2.6516766843993,0.638735689871899,4.15144593678662,3.30381314070462e-05,0.00146924119918443
"ENSMUSG00000015850",774.251895664103,-1.04451131902555,0.251793024715436,-4.14829330640116,3.34963077472662e-05,0.00147940656535639
"ENSMUSG00000044707",57.4185017307506,1.88983142906274,0.457815867064157,4.12792907590051,3.66044970989928e-05,0.00156331640266128
"ENSMUSG00000076940",32.5132172410062,2.50689822061779,0.608108198768658,4.12245423708139,3.74857097256142e-05,0.0015841146913628
"ENSMUSG00000058818",768.417100547832,-1.0974561066805,0.26627264653715,-4.12155030174075,3.7633127557447e-05,0.00158619211007798
"ENSMUSG00000025321",199.482144466348,-1.6608439268612,0.403217226879088,-4.11898057956545,3.8055221431868e-05,0.00159565049240167
"ENSMUSG00000024972",256.799284677355,1.32668403736559,0.322525144683516,4.11342823725396,3.89826262761258e-05,0.00162189828859665
"ENSMUSG00000091705",1050.0803574851,1.59893456047647,0.388960195857236,4.11079225459704,3.94303849940859e-05,0.00163211462810136
"ENSMUSG00000003849",225.847989100005,1.90854388781764,0.46443310150551,4.10940538396357,3.96679198069279e-05,0.0016377473898804
"ENSMUSG00000071722",39.8167047336561,-1.51481490611713,0.369046608465781,-4.10467098563672,4.04890710809832e-05,0.00166738539403141
"ENSMUSG00000091575",341.87139266088,-1.39271559385243,0.339766418380989,-4.09903839375538,4.14870217877558e-05,0.00168458845538923
"ENSMUSG00000024608",7352.13415142548,1.23521363009445,0.301259730872678,4.10016176578373,4.12861444360801e-05,0.00168458845538923
"ENSMUSG00000042453",786.766721071949,-1.35697921676502,0.331137716725059,-4.09793010045939,4.16861113356257e-05,0.00168656364734588
"ENSMUSG00000028862",461.075397631761,-1.55808650634099,0.380585711596247,-4.09391750364479,4.24145274784725e-05,0.00171174429271246
"ENSMUSG00000029321",101.270729246257,-1.26423610157424,0.309681235031355,-4.08237877715204,4.45770651573696e-05,0.00178562670678764
"ENSMUSG00000024042",408.392212090243,-1.04840297253926,0.256983254336326,-4.07965482127161,4.51026229596008e-05,0.00179775714181935
"ENSMUSG00000041301",1545.5492912109,2.07204884842593,0.508146325586925,4.07766177593167,4.54908765949184e-05,0.00179990005115629
"ENSMUSG00000027230",2651.21508385383,1.13895535688938,0.279277052689469,4.07822750176253,4.5380349857521e-05,0.00179990005115629
"ENSMUSG00000058975",33.1992782214652,-1.68287036517038,0.412627630246317,-4.0784238422565,4.53420500766761e-05,0.00179990005115629
"ENSMUSG00000068452",6846.72293534165,-1.233274784648,0.302644876738919,-4.07498979641377,4.6016364662643e-05,0.00181624003606124
"ENSMUSG00000047842",72.9936508660545,1.69352816476767,0.416179571365248,4.06922463592378,4.71698520997727e-05,0.00184373588970128
"ENSMUSG00000108688",398.293035098765,1.18844467468541,0.292303833005227,4.06578546188329,4.78709584185012e-05,0.00186662048731852
"ENSMUSG00000044716",77.7420226998191,1.944400781667,0.478372951896773,4.06461271264889,4.81122844991941e-05,0.00186701107853483
"ENSMUSG00000074196",259.954683466811,-4.75710205556723,1.1725250195218,-4.05714332433381,4.96765993080967e-05,0.00191391251224488
"ENSMUSG00000021750",116.570889432669,-1.53143644154973,0.378113099512154,-4.0502073150219,5.11722773497133e-05,0.00195418992453091
"ENSMUSG00000140892",204.031143374989,-1.34988746990965,0.334414377725474,-4.0365712715193,5.42380538937556e-05,0.00204571239253948
"ENSMUSG00000062997",5034.63935149625,1.17793900406553,0.291856486444548,4.03602132820623,5.43652761256488e-05,0.00204573112470011
"ENSMUSG00000041479",115.504124445651,-1.01852560689404,0.253018655967922,-4.02549607655481,5.68553284746767e-05,0.00212916425202672
"ENSMUSG00000074115",20761.8772495656,-1.46590414231715,0.364887909891463,-4.01740946350673,5.88414307433359e-05,0.00218865718085178
"ENSMUSG00000031853",475.878346523271,1.0540061190749,0.262556341653075,4.0143997758302,5.95972605815397e-05,0.00220155280907962
"ENSMUSG00000040899",31.5345659716051,-1.93685132456669,0.482738678460562,-4.01221491251384,6.01517000085034e-05,0.00221112551889238
"ENSMUSG00000008668",6483.46573091705,1.09130347086144,0.272098280274365,4.01069595059935,6.05400319398413e-05,0.00221609463855977
"ENSMUSG00000122136",33.4579387148349,2.19840151215978,0.548748125114612,4.00621234323238,6.17001852513794e-05,0.00223686180442047
"ENSMUSG00000037820",6508.67358955447,-1.25339824886847,0.312821470347845,-4.00675262946223,6.15592765451525e-05,0.00223686180442047
"ENSMUSG00000042251",179.176721703614,1.46295472284754,0.365513818649448,4.00246077768843,6.2687062445771e-05,0.00225883314522786
"ENSMUSG00000068762",93.6248615952824,1.43307701209379,0.359412834427208,3.98727278166811,6.68371639164451e-05,0.00237132381780917
"ENSMUSG00000043259",238.020251916919,-1.21901191199908,0.306065289519569,-3.98284926040637,6.80939483630987e-05,0.0024000886646845
"ENSMUSG00000087281",64.7505303023803,-1.25740700884525,0.316597484689078,-3.97162665420452,7.13835318563091e-05,0.00250509642338347
"ENSMUSG00000008845",1054.13199023406,-1.03291614190147,0.260498426791547,-3.96515308988034,7.33488565043619e-05,0.00254638836677401
"ENSMUSG00000059824",309.371512197244,-1.54609893856241,0.391155347979917,-3.95264681039666,7.72914786281931e-05,0.00264346682096382
"ENSMUSG00000139771",4214.94459787303,1.03513988383534,0.261973788026242,3.95131089882796,7.77242743058342e-05,0.00264843322049488
"ENSMUSG00000045019",286.696228969169,2.4334885120522,0.616311320703887,3.94847284205801,7.86513366283838e-05,0.00267298637303579
"ENSMUSG00000069972",455.677586755622,1.26887875180294,0.321561955430436,3.94598530819495,7.94724868626443e-05,0.0026895688792949
"ENSMUSG00000114433",61.5630942728991,-1.09842214848048,0.278654496543374,-3.94187842689091,8.0845954687464e-05,0.00271976540565254
"ENSMUSG00000062006",3279.67724418187,1.20769129528944,0.306380151917145,3.94180656851438,8.0870184892103e-05,0.00271976540565254
"ENSMUSG00000029545",1766.13547661974,1.10046258777178,0.279451321627313,3.93794017993375,8.21840756212388e-05,0.00274088567321111
"ENSMUSG00000027474",81.2439240444396,-1.09943825014181,0.279987004870971,-3.9267474240402,8.61023145784492e-05,0.00282510094357704
"ENSMUSG00000020186",1650.82153346977,1.44987493336866,0.369453590446325,3.92437635162,8.69547068760408e-05,0.00284728160872196
"ENSMUSG00000071604",598.772843361478,1.01044026491105,0.257994860277751,3.91651315775529,8.98389146975672e-05,0.00290635190373312
"ENSMUSG00000020460",5868.00840890741,1.02081866256803,0.260849658069475,3.91343684374752,9.09917069869808e-05,0.00292605403563911
"ENSMUSG00000040584",6362.07745815839,1.23100120333379,0.315211057104671,3.90532367310014,9.40993508674297e-05,0.00300206684002553
"ENSMUSG00000054428",1438.27678151127,1.13679998756181,0.29133823550402,3.90199379630046,9.54036033316547e-05,0.0030376733108144
"ENSMUSG00000027761",202.065253242063,1.83062537618589,0.469515376415234,3.89896788932191,9.66035832483138e-05,0.00305778753799516
"ENSMUSG00000026322",258.938888112322,1.86126811868102,0.477641100974166,3.89679220419872,9.74751837593445e-05,0.00307332400669355
"ENSMUSG00000026614",131.871506343943,3.28152540586259,0.843439556256817,3.89064679444962,9.99773725397367e-05,0.00314607158851651
"ENSMUSG00000054545",1017.22427993895,1.6092281659512,0.414437380166508,3.88292234958309,0.000103208534464714,0.00321640033178355
"ENSMUSG00000054169",293.72455204941,1.14833236561945,0.295946626310565,3.88020089951758,0.000104370220925923,0.0032463361780485
"ENSMUSG00000031596",286.84164810915,-1.06343704664477,0.275774563588284,-3.85618250214121,0.000115171516574256,0.00351388030634901
"ENSMUSG00000074129",9723.88952268252,1.17464483610218,0.305228439740334,3.84841215026189,0.000118885915432012,0.00361426616350089
"ENSMUSG00000053414",268.898010036041,1.42297856814936,0.369961265757796,3.84629067920032,0.000119919486441336,0.00363200801054876
"ENSMUSG00000009927",5694.38450532476,1.03248784210029,0.26866600172404,3.84301636781272,0.000121531360169137,0.00365340921268226
"ENSMUSG00000037095",1721.45581971183,-2.0339484071926,0.530629837440449,-3.83308337315438,0.000126547040029199,0.00376724722936342
"ENSMUSG00000051727",182.861841442556,1.17503493328233,0.306828025423874,3.82962062105979,0.000128340963983303,0.00378758351294783
"ENSMUSG00000012428",1049.64899784021,-1.34134643311314,0.350377330447964,-3.82829114942511,0.000129036060161555,0.00380114802771529
"ENSMUSG00000048373",475.599899240654,1.12921495215149,0.295579511175599,3.82034244410346,0.000133266514422931,0.00388325152045013
"ENSMUSG00000027556",15860.795507088,1.9993023003557,0.523863041385063,3.81645991874072,0.000135380054859305,0.00391655954407483
"ENSMUSG00000008683",4120.16893664998,1.13632269450247,0.297805498963338,3.81565383600377,0.000135822805018575,0.0039223390722985
"ENSMUSG00000052142",181.054870461453,-1.01613632006754,0.266460385431044,-3.81346112077323,0.000137034091339662,0.00394457748642239
"ENSMUSG00000066687",576.563527792377,-1.33445269477198,0.350012641893019,-3.81258427568413,0.000137521315181166,0.00394457748642239
"ENSMUSG00000097324",500.088137203076,-1.67177429889217,0.439244595348297,-3.80602132979358,0.000141220209059042,0.00401358773739458
"ENSMUSG00000042462",167.913340182676,1.24628079407864,0.327768927505076,3.80231525777971,0.000143350153705256,0.00405271721762513
"ENSMUSG00000057841",5906.7101231205,1.10000409309349,0.290119559738942,3.7915543994459,0.000149707346748609,0.00420558120041011
"ENSMUSG00000069917",919.045854148359,-1.76024410578826,0.464425148799299,-3.79015673535145,0.000150552256371372,0.00421207118648709
"ENSMUSG00000049721",354.527237106122,1.14372051228049,0.302039541605867,3.78665821766124,0.000152686888855607,0.00425703704109854
"ENSMUSG00000022623",441.570653021417,-1.14956846360908,0.304062058564866,-3.78070341638448,0.00015638588388713,0.00434082971008025
"ENSMUSG00000037033",10754.2573554257,-1.93127375970229,0.513609149949913,-3.76020123451973,0.000169776729718604,0.0046177626826902
"ENSMUSG00000085773",44.9174044612532,-2.12071562915616,0.564083790196655,-3.75957555599465,0.00017020187054455,0.0046177626826902
"ENSMUSG00000109105",69.706116601554,-1.22120487824793,0.325277282257304,-3.75435034925656,0.000173791639692756,0.00469257029012379
"ENSMUSG00000025270",55.7297209647534,-2.38242518760017,0.634586851480925,-3.75429333595605,0.000173831198258937,0.00469257029012379
"ENSMUSG00000074882",826.014529187698,1.74646660130374,0.465316199635862,3.75328991913553,0.000174528804597952,0.00470353671556717
"ENSMUSG00000038156",1706.10937435453,-1.1665711832929,0.312333770752491,-3.7350145662518,0.000187704322377887,0.00498373499366156
"ENSMUSG00000134447",760.1330476578,-1.64478881665645,0.441272201983936,-3.72737917607673,0.000193481263413715,0.00510354254131961
"ENSMUSG00000025347",893.42683492429,1.69433834882722,0.455045743200508,3.72344621204519,0.00019652174434603,0.00515845612841946
"ENSMUSG00000047419",43.5648389001564,-1.27974080326579,0.34444394863359,-3.71538187372003,0.000202897036748447,0.00523119471745628
"ENSMUSG00000022057",6021.57132553793,1.82123703411926,0.490341133143751,3.71422446744914,0.000203827814147465,0.00523119471745628
"ENSMUSG00000026950",35.8397101598678,-1.97918700268588,0.532974934661072,-3.7134710733526,0.000204435841614808,0.00523842506537754
"ENSMUSG00000099041",74.6760240024924,-1.76469183377833,0.476108340355717,-3.70649216617349,0.000210149733368124,0.00533403639270697
"ENSMUSG00000001802",188.110889026504,-1.04429419575814,0.282000689472077,-3.70316185294841,0.000212928937443735,0.0053876361083922
"ENSMUSG00000034285",554.763926107412,1.1335689548789,0.306436081908982,3.69920196021692,0.000216278451934868,0.00544677542836908
"ENSMUSG00000020262",380.818405401971,-1.40785418784194,0.381234393985847,-3.69288345975993,0.000221725648260009,0.00556658964208604
"ENSMUSG00000067786",94.2027165121192,1.08869769140832,0.295278615962718,3.68701840415621,0.000226896953033903,0.00566120171997881
"ENSMUSG00000051483",1757.08347659419,1.01185793498848,0.274963644595713,3.67996989738859,0.000233261487896074,0.00574458977748025
"ENSMUSG00000026787",32.9775635866764,2.06629632153006,0.562719695543086,3.67198151743357,0.000240677092246338,0.00583484039689798
"ENSMUSG00000034353",511.406964757464,1.2656020188959,0.344648273679894,3.67215539884403,0.000240513349908887,0.00583484039689798
"ENSMUSG00000019853",125.377088787006,1.17681858421002,0.321570985967264,3.6595919270211,0.000252617209970093,0.00606845181629048
"ENSMUSG00000056293",4712.74234651601,1.34010542388522,0.366157587842375,3.65991438763277,0.000252299528762474,0.00606845181629048
"ENSMUSG00000059994",48.3194222064577,-1.95804443383822,0.535818743982688,-3.65430372831728,0.000257880847402321,0.00616736373276395
"ENSMUSG00000033082",66.4807258964003,-1.07027976059273,0.293370074969159,-3.64822404161448,0.000264059326281375,0.00627349089817025
"ENSMUSG00000074604",1494.33115021787,1.02090449159176,0.280430599711203,3.6404889218335,0.000272120816499438,0.00642228997185735
"ENSMUSG00000132981",162.956288253963,-1.53243303400267,0.421143969070938,-3.63873911665715,0.000273976169246505,0.0064566383943742
"ENSMUSG00000055827",2325.98663941271,1.72490299749709,0.474939048843513,3.63184076293003,0.000281406753324797,0.00658016273347533
"ENSMUSG00000079470",703.50688152732,1.01879519837996,0.280696211527673,3.62952956448974,0.000283938211407384,0.00659089010224608
"ENSMUSG00000061762",1742.90176196873,-1.9805103767589,0.545601605832192,-3.62995701550049,0.0002834684215276,0.00659089010224608
"ENSMUSG00000020098",321.213678772699,1.34779224955149,0.371361751379236,3.62932435703408,0.000284164003664949,0.00659089010224608
"ENSMUSG00000057280",121.633689857041,-1.17454397666673,0.323963770957342,-3.62554113133034,0.000288356993428331,0.00667152582444536
"ENSMUSG00000002228",310.138493201675,-1.49899173483351,0.413490808217385,-3.62521174605033,0.000288724784467881,0.00667152582444536
"ENSMUSG00000066362",137.687736014943,1.47270160218088,0.406259201139787,3.62502953299056,0.00028892843201269,0.00667152582444536
"ENSMUSG00000028470",303.287600366146,1.00175733404599,0.27640521976868,3.62423450209929,0.000289818561181371,0.0066740956250369
"ENSMUSG00000022947",268.79963090549,1.09743270145964,0.303900444402681,3.6111585937844,0.000304832174729702,0.006968566656868
"ENSMUSG00000094546",133.100501638978,1.38985657805566,0.384911256322546,3.61084939768815,0.000305195851229987,0.006968566656868
"ENSMUSG00000097084",66.543052823788,1.49396260220592,0.413866731894589,3.60976731656321,0.000306471796702857,0.00698781668668675
"ENSMUSG00000053626",53.4637636846651,-1.24586423253685,0.346739707964557,-3.59308208410963,0.000326789587209262,0.00734730404779821
"ENSMUSG00000120425",81.9193034621827,1.09865532269313,0.306144230031354,3.58868538068025,0.000332349628621749,0.00746191940867995
"ENSMUSG00000006014",92.0601099819596,-2.30632414736837,0.643025583654812,-3.58667556313972,0.000334920601250851,0.00750919898054511
"ENSMUSG00000110573",802.939312908616,1.29668154941914,0.361894470337117,3.5830377518928,0.000339621501480703,0.00758300124260441
"ENSMUSG00000044197",353.683065174653,-1.11449496453508,0.311327979062674,-3.57980984520095,0.000343844327988672,0.00763893259946647
"ENSMUSG00000079507",223.827406854214,1.04046763877926,0.291097731738479,3.57428974992498,0.000351179870678764,0.00775526217834102
"ENSMUSG00000074445",7101.24834660619,-1.26122555814144,0.353037113541199,-3.57250133134871,0.000353587684968531,0.00779776775744126
"ENSMUSG00000020357",555.661906723533,-1.04435596083729,0.292642270374371,-3.56871192771048,0.000358740606079958,0.00785773351960484
"ENSMUSG00000095457",152.427022468052,2.39541470553558,0.67149177917708,3.56730310007844,0.000360674206908201,0.00787870598392298
"ENSMUSG00000120996",360.626061744953,-1.71415760650371,0.48065599966513,-3.56628775610406,0.000362073793726147,0.00789859088124486
"ENSMUSG00000104445",32.5085669516519,1.70013382884403,0.477393768742752,3.56128198598286,0.000369048471367085,0.00800166750402657
"ENSMUSG00000034059",99.3264662827215,-1.03535892585179,0.290739746734902,-3.5611193085197,0.000369277227931599,0.00800166750402657
"ENSMUSG00000078695",752.284001460072,1.06748114034134,0.300824511634454,3.5485178203779,0.0003874057829436,0.00832741884694878
"ENSMUSG00000009545",797.284453664789,1.30198676032069,0.36707550265332,3.54691814329635,0.000389765674122238,0.00835589279861261
"ENSMUSG00000069919",580.219382993164,-1.75660890416611,0.495608157673337,-3.54435026334639,0.000393581994818715,0.00840942090900302
"ENSMUSG00000050957",46.7974787704859,1.11149445948178,0.31457746368654,3.53329334675203,0.000410416807213928,0.00867193523410267
"ENSMUSG00000015451",49.0531439882214,-1.30110327872349,0.369167609526704,-3.52442425919105,0.000424404126590215,0.00892077580149199
"ENSMUSG00000129906",25.4306446159476,1.89128299973493,0.537171481130765,3.52081796255027,0.000430217853022818,0.00901703122409014
"ENSMUSG00000021313",439.482033423453,-1.20431339484004,0.34314940979846,-3.50958900249124,0.000448799827355517,0.00932429293822408
"ENSMUSG00000016918",757.014059396368,-1.10498034621838,0.315028596510786,-3.50755569004528,0.000452243684582573,0.00938376581004688
"ENSMUSG00000004709",107.079341430464,-1.09009298084317,0.310877365378626,-3.50650482229711,0.00045403320934204,0.00940880372067851
"ENSMUSG00000035202",1370.95993383919,1.19753368582821,0.341863677087775,3.50295678098828,0.000460124113616625,0.00952279944373485
"ENSMUSG00000039221",1316.85716509275,1.0973687753731,0.313344428025244,3.50211676744636,0.000461577280255801,0.00953889042421526
"ENSMUSG00000028655",235.411075965507,-1.77921018198271,0.508276262623376,-3.50047860350518,0.000464423519361355,0.00956616880336114
"ENSMUSG00000027015",119.755491300613,1.12493045252492,0.32162992260534,3.49759264751397,0.000469477614761566,0.00962995824027441
"ENSMUSG00000101320",33.4640132904607,-1.4308174456921,0.409574828071406,-3.49342134239423,0.000476873445657416,0.00970765199652921
"ENSMUSG00000128022",124.217558880413,-1.95038216113804,0.55839734505213,-3.49282133667014,0.000477946168001706,0.00971723550384325
"ENSMUSG00000138891",23.9852542999672,-1.95600420866273,0.56063854507029,-3.48888642399265,0.000485037189644408,0.00982428526026309
"ENSMUSG00000013653",4115.60305718384,3.74092748252312,1.07344111078227,3.48498622322832,0.000492162380882867,0.00989967360567524
"ENSMUSG00000024697",1654.25234749329,-1.11137831102168,0.318950461390173,-3.48448566645001,0.000493083871666465,0.00989967360567524
"ENSMUSG00000035112",483.410336849415,1.29015639172017,0.370445853902883,3.48271246155828,0.000496361180960074,0.00992906882805264
"ENSMUSG00000040952",5288.1991907104,1.0782659537754,0.310439740588828,3.47335026027979,0.000514004087744095,0.0101810650165067
"ENSMUSG00000040605",539.194444806489,1.11441995240058,0.32122124726573,3.46932203858444,0.000521773613118599,0.0102594292771907
"ENSMUSG00000000983",711.252135413916,-2.01898706252944,0.582195125648967,-3.46788726593836,0.000524567299919594,0.0102768081584976
"ENSMUSG00000007279",152.932653943015,-1.08169676331575,0.312207434877541,-3.46467329882786,0.000530875971972927,0.0103626732957182
"ENSMUSG00000121042",1189.02901749813,1.03207842095514,0.298249621188349,3.46045174120562,0.000539269883701471,0.0104507007594152
"ENSMUSG00000033276",31.6380351240449,-1.28593437661891,0.372900201360796,-3.44846790622866,0.00056377646406343,0.0108069242755552
"ENSMUSG00000040412",1674.95239239413,1.46409096480968,0.424876742200963,3.44591929703033,0.000569120295035053,0.010876608441092
"ENSMUSG00000074195",27044.3522122239,-2.46220175394592,0.715947870398473,-3.43907965334898,0.000583695465022486,0.0111115517592665
"ENSMUSG00000076435",1199.16002390965,1.32634106108701,0.386109314331572,3.43514391353951,0.000592239223993099,0.011221265015165
"ENSMUSG00000026185",14245.4733172736,-1.30741690352607,0.381365782866899,-3.42824910430513,0.000607487762318599,0.0114163852702086
"ENSMUSG00000131782",32.9110896941964,-2.1647014433484,0.631668937313845,-3.42695566534225,0.000610388717789116,0.0114435566250085
"ENSMUSG00000023829",153.390467189098,1.73740955903593,0.507698200772954,3.42213062089009,0.000621324568088586,0.0115820352224642
"ENSMUSG00000018509",266.002855301828,1.040564848143,0.304562277489571,3.41659136751969,0.000634103814901494,0.0117794452059319
"ENSMUSG00000035969",887.332889371927,-1.03625335330663,0.303413453424083,-3.41531775078625,0.000637076461144491,0.0118074917477101
"ENSMUSG00000030208",5643.85618006901,1.1623037647829,0.340452073113664,3.41400113723158,0.000640163085611208,0.0118104602183105
"ENSMUSG00000040434",114.689932429032,1.03447751695793,0.303434551637607,3.40922782647841,0.000651470486786245,0.0119507818956709
"ENSMUSG00000109685",188.601655101832,2.44350409658538,0.717279710982622,3.406626535188,0.000657710554637166,0.0120067418170188
"ENSMUSG00000027676",36.3561111805068,-1.23614742076748,0.36329775346848,-3.40257380885436,0.000667543217927023,0.012162697705413
"ENSMUSG00000073940",232.485024323157,-1.78329385294515,0.524998665081105,-3.39675883303372,0.000681890347352898,0.0123267143083066
"ENSMUSG00000032978",93.4714901395183,2.30984859171589,0.681468163469457,3.38951797829572,0.00070015617606297,0.0125584679446495
"ENSMUSG00000001670",1159.78844380564,-1.50593464125324,0.444482364115287,-3.38806387571913,0.00070387869957211,0.0126112251356188
"ENSMUSG00000030077",810.341140889911,-1.10090729287201,0.325035956831042,-3.38703232591672,0.00070653062421579,0.0126307019564956
"ENSMUSG00000103585",38.3219584708591,-1.38464158188342,0.409835190177307,-3.37853267623109,0.000728737713749684,0.0129559613579969
"ENSMUSG00000037349",156.747050225238,1.19078716615725,0.352672417705181,3.37646809440227,0.000734228871133627,0.0130392262560068
"ENSMUSG00000004035",96.0637701422717,1.2673092733035,0.3754650639351,3.37530544126085,0.000737338064614516,0.0130772880596686
"ENSMUSG00000091845",84.0432592060336,1.23235191958046,0.36513466864123,3.37506138260273,0.000737992282869235,0.0130772880596686
"ENSMUSG00000026205",46.3674506068886,1.65098324655281,0.489676001018271,3.37158293059008,0.000747375337314598,0.013214545531511
"ENSMUSG00000027870",2307.84616711653,1.46117585970506,0.433627890842735,3.36965377587991,0.000752626835604291,0.013278311483235
"ENSMUSG00000140105",788.92465259795,-1.22675564373897,0.364606548732391,-3.36460123386145,0.000766543577825517,0.0134649760357316
"ENSMUSG00000076549",141.132364580263,1.22369988511439,0.364115835360636,3.36074338514385,0.000777330100871862,0.0136100214949832
"ENSMUSG00000096929",466.55782820403,-1.38078779362769,0.411106638593174,-3.35870955125612,0.000783073248087128,0.0136957220410298
"ENSMUSG00000019278",955.866537928329,1.58370285135013,0.471595932017821,3.35817750711702,0.000784582122201912,0.01370726103756
"ENSMUSG00000001823",90.8630704701823,-1.67772396041867,0.499846635254208,-3.35647745145954,0.000789421577883506,0.0137620221725415
"ENSMUSG00000094198",112.154569662683,1.41646633575722,0.422260180013591,3.35448712145111,0.000795122542495675,0.0138432805514041
"ENSMUSG00000054999",272.072665262394,1.88285492379034,0.562151878762176,3.34937050808453,0.000809954059888424,0.0139840517527046
"ENSMUSG00000030577",264.466946868513,-1.38259095777558,0.412769565867047,-3.34954674982241,0.000809438948096204,0.0139840517527046
"ENSMUSG00000073400",42.4986807864982,-3.28002186525902,0.981380741195287,-3.3422521225188,0.000831015412355515,0.014271363618782
"ENSMUSG00000030307",53.364287811395,2.09140989312116,0.627124438559255,3.33492009644199,0.000853239126741146,0.0145447087887881
"ENSMUSG00000103421",87.4305952071523,1.51143206163305,0.453393033146324,3.33360230779123,0.000857291370910824,0.0145829869342607
"ENSMUSG00000090338",43.1044566685741,-1.35747765420305,0.407439766617443,-3.3317259762659,0.000863091956182419,0.0146507817546296
"ENSMUSG00000037953",150.661964492234,5.02120672646418,1.51149442338565,3.32201472183867,0.000893699784143233,0.0150466600309104
"ENSMUSG00000039878",587.550748312265,1.08036237317305,0.325259143108184,3.32154344025224,0.000895210458842901,0.0150535233719802
"ENSMUSG00000053113",2287.49294931726,-1.66324000571509,0.501810278529282,-3.31447974838171,0.000918138303776432,0.0153273077951013
"ENSMUSG00000062456",44.2052416327228,1.41247729672996,0.426567612640865,3.31126239984644,0.000928760740497223,0.0154731443797128
"ENSMUSG00000075296",103.261470233009,1.21721401734405,0.368819198674419,3.30030004327017,0.000965815105929639,0.0159093400561451
"ENSMUSG00000041134",453.022975633391,-1.04724964074406,0.317784787360796,-3.29546813565706,0.000982578459029205,0.016136077379561
"ENSMUSG00000026198",401.980196557252,1.04987538894839,0.318818285793633,3.29302124667955,0.000991169842285632,0.0162606247601798
"ENSMUSG00000022820",335.466631649613,1.15163857979559,0.349806142906136,3.29221942824662,0.000994000238641759,0.0162905034034456
"ENSMUSG00000085399",332.084671461596,1.3229306026916,0.402877674576548,3.28370293559228,0.00102452852892349,0.0167060242852645
"ENSMUSG00000031758",48.070717750059,-1.18461202653131,0.362010317085012,-3.27231565130538,0.00106670411118893,0.0172026018650578
"ENSMUSG00000037686",252.064508450308,1.69364964123494,0.517625247714118,3.27196103496547,0.00106804294708528,0.0172070032882212
"ENSMUSG00000050382",81.1036204879677,-1.00022418976998,0.30815874192789,-3.24580825944581,0.00117117691673207,0.0183969693761633
"ENSMUSG00000027313",82.8852076426141,2.11794087538614,0.655288650359093,3.23207318519178,0.00122895576437141,0.019002905080697
"ENSMUSG00000030145",43.4312148627519,-1.06478464210921,0.329624388758951,-3.23029690284194,0.00123661727662042,0.0190377510378899
"ENSMUSG00000000440",533.891413549919,1.03694411584726,0.321627163474212,3.22405640321607,0.00126388503181106,0.0192637650483835
"ENSMUSG00000013483",849.775614366508,-1.36188924648245,0.422852498056184,-3.22071940627745,0.00127869273688297,0.0193751723012333
"ENSMUSG00000076668",38.3850825223185,1.29267394378026,0.401382618064402,3.22055287300171,0.00127943589624696,0.0193751723012333
"ENSMUSG00000142613",32.1311203311777,-1.46427111154063,0.455227391412348,-3.21657074939563,0.0012973254202487,0.0195726394944623
"ENSMUSG00000114278",28.4685440250828,-1.75672044676943,0.5462905897262,-3.21572525649746,0.00130115335223486,0.0196063535314416
"ENSMUSG00000005268",102.408103853073,2.09861961997977,0.654938992478243,3.20429787214033,0.00135392320408037,0.0201150357469531
"ENSMUSG00000050164",70.7240958469154,-1.17251009860447,0.365810149408696,-3.20524211944295,0.00134948911707312,0.0201150357469531
"ENSMUSG00000070720",195.431219183147,-1.03358179419537,0.322945005037454,-3.20048856019772,0.00137194815476327,0.0203186780388472
"ENSMUSG00000085434",23.9842629491285,-1.36971344083296,0.42814956969605,-3.19914706864086,0.00137834835766598,0.0203760783313204
"ENSMUSG00000113769",83.6951148623144,1.03012871276065,0.322889527151866,3.19034414602163,0.00142103464317316,0.0207976085627782
"ENSMUSG00000054074",42.6508290231546,-1.12500451128596,0.352985084342702,-3.18711628674296,0.00143698987620954,0.020974075562071
"ENSMUSG00000090191",70.8934341270627,2.54682754231918,0.801722605632604,3.17669418877069,0.00148964023787544,0.0214899574262942
"ENSMUSG00000024066",8853.35768791485,-1.29656616957698,0.408360804194625,-3.17505048540123,0.00149810434258843,0.0215735043732426
"ENSMUSG00000076564",274.871316235717,2.84136534188695,0.895416790938325,3.17323214244109,0.0015075193435206,0.0216897368649314
"ENSMUSG00000139073",41.0213696981528,1.72862044486733,0.544877265625075,3.17249508085878,0.0015113511967203,0.0217255052258733
"ENSMUSG00000032816",391.056784223915,1.60117168130664,0.505109243648626,3.16995125597123,0.00152464511935322,0.0218776410326392
"ENSMUSG00000021260",211.088828769526,-1.04476535246774,0.329631103123586,-3.16949869890172,0.00152702141870633,0.021892279540121
"ENSMUSG00000026880",4752.44992942933,-1.19238122734189,0.37664196672709,-3.16582147683472,0.00154645672636173,0.0220729009139323
"ENSMUSG00000041608",66.0746178558816,-1.18269647950542,0.373672556746733,-3.16506111608038,0.00155050379392904,0.0221111154994669
"ENSMUSG00000129449",31.7286437068041,-1.70030840138777,0.537842475199703,-3.16135017182575,0.00157039585042933,0.0223355949017451
"ENSMUSG00000053279",1233.08843987478,1.53849412759117,0.488510244165346,3.14935898676964,0.00163629055776138,0.0230494227521308
"ENSMUSG00000022445",169.630298492403,3.43921971995561,1.09200131214804,3.14946482361859,0.00163569799013507,0.0230494227521308
"ENSMUSG00000045730",89.192864594366,-1.16163239007024,0.369122177540166,-3.14701326756189,0.00164947477007585,0.0231946613356572
"ENSMUSG00000106838",27.7824378672606,1.35689218668233,0.431437743326981,3.14504747827303,0.00166059877794406,0.0232902224781503
"ENSMUSG00000128928",225.487608637434,-1.90418062208014,0.605733170707176,-3.14359641202589,0.00166885430636608,0.0233654076909519
"ENSMUSG00000093861",427.142636439234,1.3602015723288,0.433015510200346,3.14123060326285,0.00168239506919322,0.0235142022528018
"ENSMUSG00000022383",79.9033535568892,1.31876854015165,0.419939719613892,3.14037581718675,0.00168731226174848,0.0235421623521226
"ENSMUSG00000101036",44.2838960469823,1.33121529076313,0.423947519350028,3.14004736436264,0.00168920521369557,0.0235482208676059
"ENSMUSG00000003955",735.689308843876,1.22538111597665,0.39034781653254,3.13920320308619,0.00169407928220608,0.0235957910721767
"ENSMUSG00000020839",171.062348816793,3.97508164690732,1.26667818706376,3.13819381079089,0.00169992435240726,0.0236364158664172
"ENSMUSG00000047139",2791.68261981251,1.34575857991813,0.430112942977734,3.12884929851506,0.00175492288991677,0.0243306821539069
"ENSMUSG00000053199",163.962873240473,1.66153113647448,0.531105973217439,3.12843616954434,0.00175739177299483,0.0243306821539069
"ENSMUSG00000121350",25.8581499179468,-1.49488904089351,0.478788146678212,-3.12223485745191,0.00179483694700162,0.0246807838216927
"ENSMUSG00000020140",101.579582774102,4.2334442892069,1.35933471236455,3.11435016754842,0.00184350560836837,0.0251561378156303
"ENSMUSG00000103793",61.4610923699002,-1.01650937193983,0.32670157585086,-3.11143088089624,0.00186183054140324,0.0253633168184579
"ENSMUSG00000134746",862.819414933237,-1.05729348267425,0.339944857243324,-3.11019113878657,0.00186966314753916,0.025415042065139
"ENSMUSG00000045775",606.707471390991,1.00922285144226,0.324520656387066,3.10988786562336,0.00187158380922761,0.025415042065139
"ENSMUSG00000074004",103.566867237277,3.90095411958149,1.25562896069552,3.10677297329992,0.0018914159325742,0.02564583789157
"ENSMUSG00000037341",28.7006540863896,-1.26980520939367,0.409380099166556,-3.10177561630091,0.00192363706864641,0.0259905608554255
"ENSMUSG00000046688",1874.22203038212,-1.26814046157181,0.408850235470843,-3.1017236913448,0.00192397449186852,0.0259905608554255
"ENSMUSG00000141894",188.181546135398,1.83181751938531,0.592852486651049,3.08983695039051,0.00200266402400249,0.0267402856405891
"ENSMUSG00000046352",168.873357901167,1.53012501180738,0.495288564834314,3.08936066860184,0.002005877676045,0.026761060598673
"ENSMUSG00000023122",337.555110824466,1.04117998971383,0.337509224009683,3.08489343593157,0.00203625096071921,0.0270990925464882
"ENSMUSG00000057465",496.698478249179,-1.4398347158079,0.466909962213193,-3.08375239839167,0.00204407638871369,0.0271584569078231
"ENSMUSG00000024340",55.7896411243324,1.49881192781295,0.488550148503293,3.06787733542742,0.00215585092011227,0.0283172509384641
"ENSMUSG00000034872",102.631874267355,-1.05886492930447,0.345732997652896,-3.06266667194879,0.00219374270727374,0.0285869582512529
"ENSMUSG00000031289",44.9662937134675,-1.78899296889866,0.585403959406821,-3.05599738462892,0.00224313212548363,0.0290383976757676
"ENSMUSG00000024039",460.987749049249,2.68635368158893,0.881452054196049,3.04764583484815,0.00230641581600816,0.0296909653252151
"ENSMUSG00000034115",78.0578327898818,-1.46152449784151,0.480627300909001,-3.04086866284407,0.00235896704877717,0.0301510728966032
"ENSMUSG00000125261",162.326315680915,-3.13002530854782,1.03159302306926,-3.03416680662997,0.00241201025866406,0.0307392694508266
"ENSMUSG00000041293",437.306939126132,-1.75957694022059,0.579980636594217,-3.0338546309981,0.00241450744369994,0.0307392694508266
"ENSMUSG00000108368",28.4563372967145,1.64938957495098,0.543647555259059,3.03393174308493,0.0024138903813762,0.0307392694508266
"ENSMUSG00000047146",74.090219593472,-1.09476231931226,0.360747391923966,-3.03470612351093,0.00240770167290545,0.0307392694508266
"ENSMUSG00000022032",847.289768562081,-1.10060055898016,0.363723445073755,-3.02592690651818,0.00247872215652081,0.0312030937258226
"ENSMUSG00000103037",67.601421659885,-1.22180457421287,0.404964517577102,-3.01706574571745,0.0025523444787205,0.0318904774922485
"ENSMUSG00000029445",334.816337074722,1.19312173488948,0.395624969627893,3.01578976678767,0.00256310904611249,0.0319754786177696
"ENSMUSG00000027246",57.0491340790865,1.23024705751071,0.407995904349806,3.0153416845477,0.00256689905050882,0.0319980319477713
"ENSMUSG00000001739",509.596630280048,2.89433509325752,0.960103773910804,3.01460651640602,0.00257312841084974,0.0320122271253103
"ENSMUSG00000023905",234.488881258262,1.40611208437235,0.467571452851331,3.00726675206033,0.00263608334000308,0.0325090094405422
"ENSMUSG00000045094",360.556859531795,-1.0789687208656,0.358837485434603,-3.00684506123661,0.0026397427008288,0.032529287343114
"ENSMUSG00000044534",80.887218070565,-1.35066324934206,0.451711585929264,-2.9901009657821,0.0027888524715106,0.0339009378370449
"ENSMUSG00000030724",189.980506341684,-1.59006147893608,0.532146382019254,-2.98801520157389,0.00280795587601761,0.0340562221687094
"ENSMUSG00000015405",150.136051858362,1.90638937593223,0.641014532345153,2.97401896483953,0.00293926908265577,0.0350691949751013
"ENSMUSG00000040594",55.7588522743833,-1.04577053386592,0.351740328563557,-2.97313230512024,0.00294777357175545,0.0351446888987062
"ENSMUSG00000067261",49.0659691141405,-1.21863683100677,0.410120711297229,-2.97141011765089,0.00296435630660478,0.0352550775348919
"ENSMUSG00000042745",2507.6560091193,-1.29644302409159,0.436979275508303,-2.96682954262201,0.00300887721892709,0.0357412104084915
"ENSMUSG00000058057",83.0950275301361,2.07934718405505,0.701103377455601,2.9658210913222,0.00301876042639203,0.0358322423259166
"ENSMUSG00000060924",62.6436793821605,-1.24742315730692,0.421448030585593,-2.95985048399361,0.00307788379060539,0.0362673562275495
"ENSMUSG00000043461",375.5913206681,3.79774188476283,1.28383212948956,2.95812964758312,0.00309511917040669,0.0364438430108499
"ENSMUSG00000000126",44.5295404612056,-1.05593050155316,0.357519069856099,-2.95349420655566,0.00314198506070395,0.0367543948079303
"ENSMUSG00000134905",33.369819126767,1.39617746284754,0.47322289811432,2.95035905576626,0.00317404826019841,0.0369661014966106
"ENSMUSG00000074577",80.5630985686604,-1.00959571404057,0.342567979899217,-2.947139759932,0.00320728209125394,0.0371148063076074
"ENSMUSG00000001604",504.596507790779,1.06235008421239,0.360584547536495,2.9461886025631,0.00321716170646335,0.037202465205901
"ENSMUSG00000026163",61.3710509895888,-1.08829416589072,0.369575145014685,-2.94471687441934,0.00323250312124609,0.0372730699187684
"ENSMUSG00000028635",85.4918489504883,1.6785754482271,0.570356859254985,2.94302667003899,0.00325020416823884,0.03742371318679
"ENSMUSG00000103749",53.6370139036179,-1.20024669305557,0.408493589967648,-2.93822650473078,0.00330095760126817,0.0377924528774979
"ENSMUSG00000050105",80.3585288149953,-1.13866108608159,0.387578776971728,-2.93788296402166,0.00330461748540808,0.0378075407986836
"ENSMUSG00000034936",218.280234123128,-1.1736446193946,0.399745212945795,-2.93598167379117,0.00332493964866174,0.037959335748477
"ENSMUSG00000042499",313.554056670528,-1.12967231635855,0.385512254196834,-2.93031493567455,0.00338618624481752,0.0384681242435533
"ENSMUSG00000057337",105.266897604619,-1.45585834772441,0.497110852474915,-2.92863923705604,0.00340449312540609,0.0385675315953898
"ENSMUSG00000038751",794.664827209836,-1.03817370271057,0.354579168153617,-2.92790382502335,0.00341255585911736,0.0386317596309478
"ENSMUSG00000127315",65.4373170003268,-2.06664091936826,0.706977461588191,-2.92320622884589,0.0034644697133257,0.0390551219149558
"ENSMUSG00000071711",735.535710061451,1.20802302191046,0.413588359791141,2.92083419011236,0.00349095566459871,0.039298812617585
"ENSMUSG00000036912",34.6397053389349,2.12472390066434,0.727965244534961,2.91871612912187,0.00351476131310299,0.039539227789144
"ENSMUSG00000030798",327.532274025707,-1.09905163055937,0.377128431735533,-2.91426351893324,0.00356528812698775,0.0398576497465119
"ENSMUSG00000017491",36.6603391478191,-1.08285588355172,0.37262476470715,-2.90602232088023,0.00366055335576636,0.0405516976947202
"ENSMUSG00000029499",37.9791169018712,1.24572239896016,0.429009380094359,2.9037183258934,0.00368759760380036,0.0407732110398282
"ENSMUSG00000073077",25.4563185597977,1.43635545922813,0.495207315882917,2.90051340753561,0.00372551899891293,0.04107995437121
"ENSMUSG00000030468",117.858598594597,-1.46467725490719,0.50513986444979,-2.89954794302871,0.00373701189733601,0.0411785549888705
"ENSMUSG00000026581",324.620198427994,-1.48789507649406,0.513393300555322,-2.89815834153785,0.00375361030489447,0.0412716275312967
"ENSMUSG00000078886",123.48084908384,-1.13128584598773,0.390369800018909,-2.8979850539999,0.00375568486919871,0.0412716275312967
"ENSMUSG00000020875",493.940488025583,1.00508658032503,0.347206707091495,2.89477870040158,0.00379425921515595,0.0416388351531356
"ENSMUSG00000044352",42.2362040449624,1.54106879569866,0.534072736819697,2.8855035830427,0.00390788013406588,0.0425961573289841
"ENSMUSG00000022218",51.9985473586633,-1.01588046767533,0.352398941857997,-2.88275686163863,0.0039421158916358,0.0428824641770058
"ENSMUSG00000103529",49.4329896325387,1.47031668521414,0.510883538555405,2.87798798405536,0.00400220383206764,0.0433026651883833
"ENSMUSG00000090307",25.23493174665,-1.24878474109499,0.435005477974891,-2.87073336848201,0.00409520788753648,0.0440432651089283
"ENSMUSG00000126371",92.2794405830522,1.35274149882992,0.471547667341519,2.86872694431165,0.00412127419745338,0.0441764471244953
"ENSMUSG00000078234",303.769429227721,1.04834963539777,0.365760024260831,2.86622256632992,0.00415402084102876,0.0444013962910261
"ENSMUSG00000019987",74.2517624797909,-2.7496964479594,0.960176491895493,-2.86374064681713,0.00418670655926395,0.0446401383918789
"ENSMUSG00000017453",34.4008570906234,1.52779393370691,0.533943495897325,2.86134009580799,0.00421854248089098,0.044861614801728
"ENSMUSG00000120514",34.0392742096253,1.20533475055584,0.421874211350615,2.85709512012361,0.00427537693569198,0.0451980418289952
"ENSMUSG00000076731",50.5199311528909,1.85137720620173,0.64833700751669,2.85557847961359,0.00429585045588543,0.0453281390375176
"ENSMUSG00000023070",20.4817915501581,1.87164578775416,0.6565051528051,2.85092322544163,0.0043592493660802,0.0456956899458654
"ENSMUSG00000037922",127.207893922269,-1.25317201405344,0.440351543457948,-2.84584449100066,0.00442938201083842,0.0460718516758792
"ENSMUSG00000045349",20.9922778411903,-1.4150939855654,0.497665113496831,-2.84346631336538,0.00446257265102087,0.0461821100418625
"ENSMUSG00000076543",47.1267408682356,-1.89396863335825,0.666111528973644,-2.84332060169639,0.00446461355997746,0.0461821100418625
"ENSMUSG00000042797",194.957215237888,1.3587565069471,0.477960013630009,2.84282464683106,0.00447156648662846,0.0461955039391672
"ENSMUSG00000056487",105.573378131776,3.58240680296789,1.26024116417715,2.84263592144046,0.00447421485547904,0.0461955039391672
"ENSMUSG00000031444",70.6198072445375,-1.59469568264564,0.561267792004286,-2.84123854132264,0.00449386844565131,0.0463543248039291
"ENSMUSG00000025408",334.44559523454,1.51208141870036,0.532306151007978,2.84062360699209,0.00450254200772781,0.0464141351409642
"ENSMUSG00000023868",126.157183771423,-1.00253821842432,0.353352031577454,-2.8372221717496,0.00455079332924271,0.0467027696846568
"ENSMUSG00000028859",272.208061515794,-1.21255545468732,0.428091074266063,-2.83247076983834,0.00461897890220706,0.0471626669312641
"ENSMUSG00000056758",115.347983669779,1.97034484071055,0.695755466670282,2.83195021109952,0.00462650520051155,0.0471936963636293
"ENSMUSG00000114828",26.7854665221377,1.52095653438559,0.537136941366099,2.83159920171817,0.00463158640145619,0.0472018303527192
"ENSMUSG00000022358",5982.55316361335,-1.20059097816714,0.424319677535992,-2.82944921418429,0.00466281997760745,0.0474004426313079
"ENSMUSG00000122916",22.7154468763839,-1.23301066354956,0.435759784546507,-2.82956506606673,0.00466113211023377,0.0474004426313079
"ENSMUSG00000022015",39.3977365374924,-1.48343159204492,0.525063946134709,-2.82523986452563,0.00472452335559599,0.0478769494848625
"ENSMUSG00000026784",331.898614463147,1.03551342355846,0.366933142604071,2.82207656743561,0.00477137840775973,0.0481402260227908
"ENSMUSG00000055134",47.0681784825019,1.54366624067697,0.547889423669691,2.81747771354609,0.00484024737053609,0.0487132875951148
"ENSMUSG00000085696",78.2124205155077,1.05826769402056,0.375656643801104,2.81711427571842,0.00484572810199059,0.0487331605104851
"ENSMUSG00000047787",32.3177060709484,-1.16637577985925,0.41568182234557,-2.80593405138031,0.00501709594234301,0.0499635902512296
