	SubjectID1	SubjectID2	Group1	Group2	Distance
0	Con2	Con1	Con	Con	0.44791891891891894
1	Con3	Con1	Con	Con	0.32094594594594594
2	Con3	Con2	Con	Con	0.46137837837837836
3	Con4	Con1	Con	Con	0.36675675675675673
4	Con4	Con2	Con	Con	0.4211891891891892
5	Con4	Con3	Con	Con	0.23697297297297298
6	Con5	Con1	Con	Con	0.3597027027027027
7	Con5	Con2	Con	Con	0.40518918918918917
8	Con5	Con3	Con	Con	0.3344594594594595
9	Con5	Con4	Con	Con	0.24467567567567566
10	Con1	DSS1	Con	DSS	0.704945945945946
11	Con1	DSS2	Con	DSS	0.7368918918918919
12	Con1	DSS3	Con	DSS	0.7464864864864865
13	Con1	DSS4	Con	DSS	0.7649459459459459
14	Con1	DSS5	Con	DSS	0.7801351351351351
15	Con2	DSS1	Con	DSS	0.6623243243243243
16	Con2	DSS2	Con	DSS	0.6677567567567567
17	Con2	DSS3	Con	DSS	0.688
18	Con2	DSS4	Con	DSS	0.7357297297297297
19	Con2	DSS5	Con	DSS	0.7324864864864865
20	Con3	DSS1	Con	DSS	0.6864864864864865
21	Con3	DSS2	Con	DSS	0.7214594594594594
22	Con3	DSS3	Con	DSS	0.7379189189189189
23	Con3	DSS4	Con	DSS	0.7421891891891892
24	Con3	DSS5	Con	DSS	0.7842972972972972
25	Con4	DSS1	Con	DSS	0.6677297297297298
26	Con4	DSS2	Con	DSS	0.6942972972972973
27	Con4	DSS3	Con	DSS	0.7027297297297297
28	Con4	DSS4	Con	DSS	0.7124594594594594
29	Con4	DSS5	Con	DSS	0.7471621621621621
30	Con5	DSS1	Con	DSS	0.6884054054054054
31	Con5	DSS2	Con	DSS	0.7143513513513513
32	Con5	DSS3	Con	DSS	0.7117027027027027
33	Con5	DSS4	Con	DSS	0.7375675675675676
34	Con5	DSS5	Con	DSS	0.7578108108108108
35	Con1	ZCAh1	Con	ZCAh	0.6357837837837838
36	Con1	ZCAh2	Con	ZCAh	0.6495135135135135
37	Con1	ZCAh3	Con	ZCAh	0.6355405405405405
38	Con1	ZCAh4	Con	ZCAh	0.6585135135135135
39	Con1	ZCAh5	Con	ZCAh	0.6924324324324325
40	Con2	ZCAh1	Con	ZCAh	0.6704054054054054
41	Con2	ZCAh2	Con	ZCAh	0.6319189189189189
42	Con2	ZCAh3	Con	ZCAh	0.6480810810810811
43	Con2	ZCAh4	Con	ZCAh	0.6755675675675675
44	Con2	ZCAh5	Con	ZCAh	0.702
45	Con3	ZCAh1	Con	ZCAh	0.581027027027027
46	Con3	ZCAh2	Con	ZCAh	0.6243783783783784
47	Con3	ZCAh3	Con	ZCAh	0.6035675675675676
48	Con3	ZCAh4	Con	ZCAh	0.6165675675675676
49	Con3	ZCAh5	Con	ZCAh	0.6643243243243243
50	Con4	ZCAh1	Con	ZCAh	0.5882162162162162
51	Con4	ZCAh2	Con	ZCAh	0.5965135135135136
52	Con4	ZCAh3	Con	ZCAh	0.5613513513513514
53	Con4	ZCAh4	Con	ZCAh	0.6136486486486487
54	Con4	ZCAh5	Con	ZCAh	0.6468648648648648
55	Con5	ZCAh1	Con	ZCAh	0.6433513513513514
56	Con5	ZCAh2	Con	ZCAh	0.6255405405405405
57	Con5	ZCAh3	Con	ZCAh	0.6145675675675676
58	Con5	ZCAh4	Con	ZCAh	0.6572972972972972
59	Con5	ZCAh5	Con	ZCAh	0.6679459459459459
60	Con1	ZCAm1	Con	ZCAm	0.665918918918919
61	Con1	ZCAm2	Con	ZCAm	0.6343243243243243
62	Con1	ZCAm3	Con	ZCAm	0.683972972972973
63	Con1	ZCAm4	Con	ZCAm	0.6484864864864864
64	Con1	ZCAm5	Con	ZCAm	0.7464594594594595
65	Con2	ZCAm1	Con	ZCAm	0.6105945945945946
66	Con2	ZCAm2	Con	ZCAm	0.6542432432432432
67	Con2	ZCAm3	Con	ZCAm	0.6383513513513513
68	Con2	ZCAm4	Con	ZCAm	0.6761621621621622
69	Con2	ZCAm5	Con	ZCAm	0.7086756756756757
70	Con3	ZCAm1	Con	ZCAm	0.6417567567567568
71	Con3	ZCAm2	Con	ZCAm	0.5878648648648649
72	Con3	ZCAm3	Con	ZCAm	0.6850810810810811
73	Con3	ZCAm4	Con	ZCAm	0.6077837837837838
74	Con3	ZCAm5	Con	ZCAm	0.7087027027027027
75	Con4	ZCAm1	Con	ZCAm	0.6089729729729729
76	Con4	ZCAm2	Con	ZCAm	0.5951351351351352
77	Con4	ZCAm3	Con	ZCAm	0.6522702702702703
78	Con4	ZCAm4	Con	ZCAm	0.5783513513513514
79	Con4	ZCAm5	Con	ZCAm	0.6852162162162162
80	Con5	ZCAm1	Con	ZCAm	0.6394594594594595
81	Con5	ZCAm2	Con	ZCAm	0.6426216216216216
82	Con5	ZCAm3	Con	ZCAm	0.6551081081081082
83	Con5	ZCAm4	Con	ZCAm	0.6327297297297297
84	Con5	ZCAm5	Con	ZCAm	0.7228108108108108
85	Con1	ZnCA1	Con	ZnCA	0.7024054054054054
86	Con1	ZnCA2	Con	ZnCA	0.7143783783783784
87	Con1	ZnCA3	Con	ZnCA	0.6746756756756757
88	Con1	ZnCA4	Con	ZnCA	0.6933783783783783
89	Con1	ZnCA5	Con	ZnCA	0.6677567567567567
90	Con2	ZnCA1	Con	ZnCA	0.7057567567567568
91	Con2	ZnCA2	Con	ZnCA	0.737945945945946
92	Con2	ZnCA3	Con	ZnCA	0.6678378378378378
93	Con2	ZnCA4	Con	ZnCA	0.714081081081081
94	Con2	ZnCA5	Con	ZnCA	0.6871891891891891
95	Con3	ZnCA1	Con	ZnCA	0.6821351351351351
96	Con3	ZnCA2	Con	ZnCA	0.6872162162162162
97	Con3	ZnCA3	Con	ZnCA	0.6328918918918919
98	Con3	ZnCA4	Con	ZnCA	0.6613243243243243
99	Con3	ZnCA5	Con	ZnCA	0.6357297297297297
100	Con4	ZnCA1	Con	ZnCA	0.6543243243243243
101	Con4	ZnCA2	Con	ZnCA	0.6637027027027027
102	Con4	ZnCA3	Con	ZnCA	0.6259189189189189
103	Con4	ZnCA4	Con	ZnCA	0.6218108108108108
104	Con4	ZnCA5	Con	ZnCA	0.6120810810810811
105	Con5	ZnCA1	Con	ZnCA	0.6871351351351351
106	Con5	ZnCA2	Con	ZnCA	0.7004324324324325
107	Con5	ZnCA3	Con	ZnCA	0.6618918918918919
108	Con5	ZnCA4	Con	ZnCA	0.6747297297297298
109	Con5	ZnCA5	Con	ZnCA	0.6571081081081082
0	DSS2	DSS1	DSS	DSS	0.31275675675675674
1	DSS3	DSS1	DSS	DSS	0.3101891891891892
2	DSS3	DSS2	DSS	DSS	0.26197297297297295
3	DSS4	DSS1	DSS	DSS	0.4306216216216216
4	DSS4	DSS2	DSS	DSS	0.4121351351351351
5	DSS4	DSS3	DSS	DSS	0.4595945945945946
6	DSS5	DSS1	DSS	DSS	0.5615405405405406
7	DSS5	DSS2	DSS	DSS	0.4486486486486487
8	DSS5	DSS3	DSS	DSS	0.5147027027027027
9	DSS5	DSS4	DSS	DSS	0.3485135135135135
10	DSS1	Con1	DSS	Con	0.704945945945946
11	DSS1	Con2	DSS	Con	0.6623243243243243
12	DSS1	Con3	DSS	Con	0.6864864864864865
13	DSS1	Con4	DSS	Con	0.6677297297297298
14	DSS1	Con5	DSS	Con	0.6884054054054054
15	DSS2	Con1	DSS	Con	0.7368918918918919
16	DSS2	Con2	DSS	Con	0.6677567567567567
17	DSS2	Con3	DSS	Con	0.7214594594594594
18	DSS2	Con4	DSS	Con	0.6942972972972973
19	DSS2	Con5	DSS	Con	0.7143513513513513
20	DSS3	Con1	DSS	Con	0.7464864864864865
21	DSS3	Con2	DSS	Con	0.688
22	DSS3	Con3	DSS	Con	0.7379189189189189
23	DSS3	Con4	DSS	Con	0.7027297297297297
24	DSS3	Con5	DSS	Con	0.7117027027027027
25	DSS4	Con1	DSS	Con	0.7649459459459459
26	DSS4	Con2	DSS	Con	0.7357297297297297
27	DSS4	Con3	DSS	Con	0.7421891891891892
28	DSS4	Con4	DSS	Con	0.7124594594594594
29	DSS4	Con5	DSS	Con	0.7375675675675676
30	DSS5	Con1	DSS	Con	0.7801351351351351
31	DSS5	Con2	DSS	Con	0.7324864864864865
32	DSS5	Con3	DSS	Con	0.7842972972972972
33	DSS5	Con4	DSS	Con	0.7471621621621621
34	DSS5	Con5	DSS	Con	0.7578108108108108
35	DSS1	ZCAh1	DSS	ZCAh	0.37932432432432434
36	DSS1	ZCAh2	DSS	ZCAh	0.3695945945945946
37	DSS1	ZCAh3	DSS	ZCAh	0.40583783783783783
38	DSS1	ZCAh4	DSS	ZCAh	0.35643243243243244
39	DSS1	ZCAh5	DSS	ZCAh	0.3924864864864865
40	DSS2	ZCAh1	DSS	ZCAh	0.38791891891891894
41	DSS2	ZCAh2	DSS	ZCAh	0.34364864864864864
42	DSS2	ZCAh3	DSS	ZCAh	0.3906756756756757
43	DSS2	ZCAh4	DSS	ZCAh	0.34945945945945944
44	DSS2	ZCAh5	DSS	ZCAh	0.42064864864864865
45	DSS3	ZCAh1	DSS	ZCAh	0.4259189189189189
46	DSS3	ZCAh2	DSS	ZCAh	0.4247297297297297
47	DSS3	ZCAh3	DSS	ZCAh	0.4304054054054054
48	DSS3	ZCAh4	DSS	ZCAh	0.37432432432432433
49	DSS3	ZCAh5	DSS	ZCAh	0.47435135135135137
50	DSS4	ZCAh1	DSS	ZCAh	0.4141081081081081
51	DSS4	ZCAh2	DSS	ZCAh	0.3516756756756757
52	DSS4	ZCAh3	DSS	ZCAh	0.4243243243243243
53	DSS4	ZCAh4	DSS	ZCAh	0.4377837837837838
54	DSS4	ZCAh5	DSS	ZCAh	0.42502702702702705
55	DSS5	ZCAh1	DSS	ZCAh	0.5482162162162162
56	DSS5	ZCAh2	DSS	ZCAh	0.4497837837837838
57	DSS5	ZCAh3	DSS	ZCAh	0.48262162162162164
58	DSS5	ZCAh4	DSS	ZCAh	0.5193513513513514
59	DSS5	ZCAh5	DSS	ZCAh	0.43575675675675674
60	DSS1	ZCAm1	DSS	ZCAm	0.486
61	DSS1	ZCAm2	DSS	ZCAm	0.35362162162162164
62	DSS1	ZCAm3	DSS	ZCAm	0.3657297297297297
63	DSS1	ZCAm4	DSS	ZCAm	0.3415135135135135
64	DSS1	ZCAm5	DSS	ZCAm	0.3647297297297297
65	DSS2	ZCAm1	DSS	ZCAm	0.45478378378378376
66	DSS2	ZCAm2	DSS	ZCAm	0.4089189189189189
67	DSS2	ZCAm3	DSS	ZCAm	0.3180810810810811
68	DSS2	ZCAm4	DSS	ZCAm	0.3339189189189189
69	DSS2	ZCAm5	DSS	ZCAm	0.37154054054054053
70	DSS3	ZCAm1	DSS	ZCAm	0.49916216216216214
71	DSS3	ZCAm2	DSS	ZCAm	0.39337837837837836
72	DSS3	ZCAm3	DSS	ZCAm	0.4269189189189189
73	DSS3	ZCAm4	DSS	ZCAm	0.38164864864864867
74	DSS3	ZCAm5	DSS	ZCAm	0.40456756756756757
75	DSS4	ZCAm1	DSS	ZCAm	0.5254594594594595
76	DSS4	ZCAm2	DSS	ZCAm	0.43143243243243246
77	DSS4	ZCAm3	DSS	ZCAm	0.40943243243243244
78	DSS4	ZCAm4	DSS	ZCAm	0.37854054054054054
79	DSS4	ZCAm5	DSS	ZCAm	0.3852162162162162
80	DSS5	ZCAm1	DSS	ZCAm	0.5502702702702703
81	DSS5	ZCAm2	DSS	ZCAm	0.5613783783783783
82	DSS5	ZCAm3	DSS	ZCAm	0.4781891891891892
83	DSS5	ZCAm4	DSS	ZCAm	0.5145945945945946
84	DSS5	ZCAm5	DSS	ZCAm	0.46356756756756756
85	DSS1	ZnCA1	DSS	ZnCA	0.3671621621621622
86	DSS1	ZnCA2	DSS	ZnCA	0.3477297297297297
87	DSS1	ZnCA3	DSS	ZnCA	0.314
88	DSS1	ZnCA4	DSS	ZnCA	0.3784324324324324
89	DSS1	ZnCA5	DSS	ZnCA	0.34383783783783783
90	DSS2	ZnCA1	DSS	ZnCA	0.36889189189189187
91	DSS2	ZnCA2	DSS	ZnCA	0.3104054054054054
92	DSS2	ZnCA3	DSS	ZnCA	0.37348648648648647
93	DSS2	ZnCA4	DSS	ZnCA	0.3342972972972973
94	DSS2	ZnCA5	DSS	ZnCA	0.3452972972972973
95	DSS3	ZnCA1	DSS	ZnCA	0.4396216216216216
96	DSS3	ZnCA2	DSS	ZnCA	0.3251891891891892
97	DSS3	ZnCA3	DSS	ZnCA	0.34843243243243244
98	DSS3	ZnCA4	DSS	ZnCA	0.3858378378378378
99	DSS3	ZnCA5	DSS	ZnCA	0.38064864864864867
100	DSS4	ZnCA1	DSS	ZnCA	0.40362162162162163
101	DSS4	ZnCA2	DSS	ZnCA	0.4127837837837838
102	DSS4	ZnCA3	DSS	ZnCA	0.39937837837837836
103	DSS4	ZnCA4	DSS	ZnCA	0.4127837837837838
104	DSS4	ZnCA5	DSS	ZnCA	0.396
105	DSS5	ZnCA1	DSS	ZnCA	0.40675675675675677
106	DSS5	ZnCA2	DSS	ZnCA	0.46213513513513516
107	DSS5	ZnCA3	DSS	ZnCA	0.5758648648648649
108	DSS5	ZnCA4	DSS	ZnCA	0.44413513513513514
109	DSS5	ZnCA5	DSS	ZnCA	0.44551351351351354
0	ZCAh2	ZCAh1	ZCAh	ZCAh	0.2686216216216216
1	ZCAh3	ZCAh1	ZCAh	ZCAh	0.2304054054054054
2	ZCAh3	ZCAh2	ZCAh	ZCAh	0.2516216216216216
3	ZCAh4	ZCAh1	ZCAh	ZCAh	0.22597297297297297
4	ZCAh4	ZCAh2	ZCAh	ZCAh	0.27294594594594596
5	ZCAh4	ZCAh3	ZCAh	ZCAh	0.25013513513513513
6	ZCAh5	ZCAh1	ZCAh	ZCAh	0.31854054054054054
7	ZCAh5	ZCAh2	ZCAh	ZCAh	0.25051351351351353
8	ZCAh5	ZCAh3	ZCAh	ZCAh	0.3255135135135135
9	ZCAh5	ZCAh4	ZCAh	ZCAh	0.29802702702702705
10	ZCAh1	Con1	ZCAh	Con	0.6357837837837838
11	ZCAh1	Con2	ZCAh	Con	0.6704054054054054
12	ZCAh1	Con3	ZCAh	Con	0.581027027027027
13	ZCAh1	Con4	ZCAh	Con	0.5882162162162162
14	ZCAh1	Con5	ZCAh	Con	0.6433513513513514
15	ZCAh2	Con1	ZCAh	Con	0.6495135135135135
16	ZCAh2	Con2	ZCAh	Con	0.6319189189189189
17	ZCAh2	Con3	ZCAh	Con	0.6243783783783784
18	ZCAh2	Con4	ZCAh	Con	0.5965135135135136
19	ZCAh2	Con5	ZCAh	Con	0.6255405405405405
20	ZCAh3	Con1	ZCAh	Con	0.6355405405405405
21	ZCAh3	Con2	ZCAh	Con	0.6480810810810811
22	ZCAh3	Con3	ZCAh	Con	0.6035675675675676
23	ZCAh3	Con4	ZCAh	Con	0.5613513513513514
24	ZCAh3	Con5	ZCAh	Con	0.6145675675675676
25	ZCAh4	Con1	ZCAh	Con	0.6585135135135135
26	ZCAh4	Con2	ZCAh	Con	0.6755675675675675
27	ZCAh4	Con3	ZCAh	Con	0.6165675675675676
28	ZCAh4	Con4	ZCAh	Con	0.6136486486486487
29	ZCAh4	Con5	ZCAh	Con	0.6572972972972972
30	ZCAh5	Con1	ZCAh	Con	0.6924324324324325
31	ZCAh5	Con2	ZCAh	Con	0.702
32	ZCAh5	Con3	ZCAh	Con	0.6643243243243243
33	ZCAh5	Con4	ZCAh	Con	0.6468648648648648
34	ZCAh5	Con5	ZCAh	Con	0.6679459459459459
35	ZCAh1	DSS1	ZCAh	DSS	0.37932432432432434
36	ZCAh1	DSS2	ZCAh	DSS	0.38791891891891894
37	ZCAh1	DSS3	ZCAh	DSS	0.4259189189189189
38	ZCAh1	DSS4	ZCAh	DSS	0.4141081081081081
39	ZCAh1	DSS5	ZCAh	DSS	0.5482162162162162
40	ZCAh2	DSS1	ZCAh	DSS	0.3695945945945946
41	ZCAh2	DSS2	ZCAh	DSS	0.34364864864864864
42	ZCAh2	DSS3	ZCAh	DSS	0.4247297297297297
43	ZCAh2	DSS4	ZCAh	DSS	0.3516756756756757
44	ZCAh2	DSS5	ZCAh	DSS	0.4497837837837838
45	ZCAh3	DSS1	ZCAh	DSS	0.40583783783783783
46	ZCAh3	DSS2	ZCAh	DSS	0.3906756756756757
47	ZCAh3	DSS3	ZCAh	DSS	0.4304054054054054
48	ZCAh3	DSS4	ZCAh	DSS	0.4243243243243243
49	ZCAh3	DSS5	ZCAh	DSS	0.48262162162162164
50	ZCAh4	DSS1	ZCAh	DSS	0.35643243243243244
51	ZCAh4	DSS2	ZCAh	DSS	0.34945945945945944
52	ZCAh4	DSS3	ZCAh	DSS	0.37432432432432433
53	ZCAh4	DSS4	ZCAh	DSS	0.4377837837837838
54	ZCAh4	DSS5	ZCAh	DSS	0.5193513513513514
55	ZCAh5	DSS1	ZCAh	DSS	0.3924864864864865
56	ZCAh5	DSS2	ZCAh	DSS	0.42064864864864865
57	ZCAh5	DSS3	ZCAh	DSS	0.47435135135135137
58	ZCAh5	DSS4	ZCAh	DSS	0.42502702702702705
59	ZCAh5	DSS5	ZCAh	DSS	0.43575675675675674
60	ZCAh1	ZCAm1	ZCAh	ZCAm	0.39494594594594595
61	ZCAh1	ZCAm2	ZCAh	ZCAm	0.2894054054054054
62	ZCAh1	ZCAm3	ZCAh	ZCAm	0.33635135135135136
63	ZCAh1	ZCAm4	ZCAh	ZCAm	0.2931891891891892
64	ZCAh1	ZCAm5	ZCAh	ZCAm	0.31332432432432433
65	ZCAh2	ZCAm1	ZCAh	ZCAm	0.35462162162162164
66	ZCAh2	ZCAm2	ZCAh	ZCAm	0.312
67	ZCAh2	ZCAm3	ZCAh	ZCAm	0.2858918918918919
68	ZCAh2	ZCAm4	ZCAh	ZCAm	0.26637837837837836
69	ZCAh2	ZCAm5	ZCAh	ZCAm	0.2728378378378378
70	ZCAh3	ZCAm1	ZCAh	ZCAm	0.3912432432432432
71	ZCAh3	ZCAm2	ZCAh	ZCAm	0.31091891891891893
72	ZCAh3	ZCAm3	ZCAh	ZCAm	0.3151891891891892
73	ZCAh3	ZCAm4	ZCAh	ZCAm	0.27818918918918917
74	ZCAh3	ZCAm5	ZCAh	ZCAm	0.35183783783783784
75	ZCAh4	ZCAm1	ZCAh	ZCAm	0.4209459459459459
76	ZCAh4	ZCAm2	ZCAh	ZCAm	0.2725945945945946
77	ZCAh4	ZCAm3	ZCAh	ZCAm	0.3348108108108108
78	ZCAh4	ZCAm4	ZCAh	ZCAm	0.2734864864864865
79	ZCAh4	ZCAm5	ZCAh	ZCAm	0.2800810810810811
80	ZCAh5	ZCAm1	ZCAh	ZCAm	0.47102702702702703
81	ZCAh5	ZCAm2	ZCAh	ZCAm	0.37024324324324326
82	ZCAh5	ZCAm3	ZCAh	ZCAm	0.34537837837837837
83	ZCAh5	ZCAm4	ZCAh	ZCAm	0.3493243243243243
84	ZCAh5	ZCAm5	ZCAh	ZCAm	0.27297297297297296
85	ZCAh1	ZnCA1	ZCAh	ZnCA	0.31824324324324327
86	ZCAh1	ZnCA2	ZCAh	ZnCA	0.31448648648648647
87	ZCAh1	ZnCA3	ZCAh	ZnCA	0.2923513513513514
88	ZCAh1	ZnCA4	ZCAh	ZnCA	0.28986486486486485
89	ZCAh1	ZnCA5	ZCAh	ZnCA	0.2574054054054054
90	ZCAh2	ZnCA1	ZCAh	ZnCA	0.2600810810810811
91	ZCAh2	ZnCA2	ZCAh	ZnCA	0.2622702702702703
92	ZCAh2	ZnCA3	ZCAh	ZnCA	0.2927567567567568
93	ZCAh2	ZnCA4	ZCAh	ZnCA	0.24916216216216217
94	ZCAh2	ZnCA5	ZCAh	ZnCA	0.21305405405405406
95	ZCAh3	ZnCA1	ZCAh	ZnCA	0.3142162162162162
96	ZCAh3	ZnCA2	ZCAh	ZnCA	0.30986486486486486
97	ZCAh3	ZnCA3	ZCAh	ZnCA	0.34654054054054056
98	ZCAh3	ZnCA4	ZCAh	ZnCA	0.25145945945945947
99	ZCAh3	ZnCA5	ZCAh	ZnCA	0.2656486486486486
100	ZCAh4	ZnCA1	ZCAh	ZnCA	0.2720810810810811
101	ZCAh4	ZnCA2	ZCAh	ZnCA	0.23672972972972972
102	ZCAh4	ZnCA3	ZCAh	ZnCA	0.32154054054054054
103	ZCAh4	ZnCA4	ZCAh	ZnCA	0.2262972972972973
104	ZCAh4	ZnCA5	ZCAh	ZnCA	0.20997297297297296
105	ZCAh5	ZnCA1	ZCAh	ZnCA	0.20218918918918918
106	ZCAh5	ZnCA2	ZCAh	ZnCA	0.30745945945945946
107	ZCAh5	ZnCA3	ZCAh	ZnCA	0.34313513513513516
108	ZCAh5	ZnCA4	ZCAh	ZnCA	0.31308108108108107
109	ZCAh5	ZnCA5	ZCAh	ZnCA	0.2184054054054054
0	ZCAm2	ZCAm1	ZCAm	ZCAm	0.3435135135135135
1	ZCAm3	ZCAm1	ZCAm	ZCAm	0.358
2	ZCAm3	ZCAm2	ZCAm	ZCAm	0.32456756756756755
3	ZCAm4	ZCAm1	ZCAm	ZCAm	0.3983243243243243
4	ZCAm4	ZCAm2	ZCAm	ZCAm	0.23943243243243242
5	ZCAm4	ZCAm3	ZCAm	ZCAm	0.2941081081081081
6	ZCAm5	ZCAm1	ZCAm	ZCAm	0.4872972972972973
7	ZCAm5	ZCAm2	ZCAm	ZCAm	0.35664864864864865
8	ZCAm5	ZCAm3	ZCAm	ZCAm	0.34124324324324323
9	ZCAm5	ZCAm4	ZCAm	ZCAm	0.29083783783783784
10	ZCAm1	Con1	ZCAm	Con	0.665918918918919
11	ZCAm1	Con2	ZCAm	Con	0.6105945945945946
12	ZCAm1	Con3	ZCAm	Con	0.6417567567567568
13	ZCAm1	Con4	ZCAm	Con	0.6089729729729729
14	ZCAm1	Con5	ZCAm	Con	0.6394594594594595
15	ZCAm2	Con1	ZCAm	Con	0.6343243243243243
16	ZCAm2	Con2	ZCAm	Con	0.6542432432432432
17	ZCAm2	Con3	ZCAm	Con	0.5878648648648649
18	ZCAm2	Con4	ZCAm	Con	0.5951351351351352
19	ZCAm2	Con5	ZCAm	Con	0.6426216216216216
20	ZCAm3	Con1	ZCAm	Con	0.683972972972973
21	ZCAm3	Con2	ZCAm	Con	0.6383513513513513
22	ZCAm3	Con3	ZCAm	Con	0.6850810810810811
23	ZCAm3	Con4	ZCAm	Con	0.6522702702702703
24	ZCAm3	Con5	ZCAm	Con	0.6551081081081082
25	ZCAm4	Con1	ZCAm	Con	0.6484864864864864
26	ZCAm4	Con2	ZCAm	Con	0.6761621621621622
27	ZCAm4	Con3	ZCAm	Con	0.6077837837837838
28	ZCAm4	Con4	ZCAm	Con	0.5783513513513514
29	ZCAm4	Con5	ZCAm	Con	0.6327297297297297
30	ZCAm5	Con1	ZCAm	Con	0.7464594594594595
31	ZCAm5	Con2	ZCAm	Con	0.7086756756756757
32	ZCAm5	Con3	ZCAm	Con	0.7087027027027027
33	ZCAm5	Con4	ZCAm	Con	0.6852162162162162
34	ZCAm5	Con5	ZCAm	Con	0.7228108108108108
35	ZCAm1	DSS1	ZCAm	DSS	0.486
36	ZCAm1	DSS2	ZCAm	DSS	0.45478378378378376
37	ZCAm1	DSS3	ZCAm	DSS	0.49916216216216214
38	ZCAm1	DSS4	ZCAm	DSS	0.5254594594594595
39	ZCAm1	DSS5	ZCAm	DSS	0.5502702702702703
40	ZCAm2	DSS1	ZCAm	DSS	0.35362162162162164
41	ZCAm2	DSS2	ZCAm	DSS	0.4089189189189189
42	ZCAm2	DSS3	ZCAm	DSS	0.39337837837837836
43	ZCAm2	DSS4	ZCAm	DSS	0.43143243243243246
44	ZCAm2	DSS5	ZCAm	DSS	0.5613783783783783
45	ZCAm3	DSS1	ZCAm	DSS	0.3657297297297297
46	ZCAm3	DSS2	ZCAm	DSS	0.3180810810810811
47	ZCAm3	DSS3	ZCAm	DSS	0.4269189189189189
48	ZCAm3	DSS4	ZCAm	DSS	0.40943243243243244
49	ZCAm3	DSS5	ZCAm	DSS	0.4781891891891892
50	ZCAm4	DSS1	ZCAm	DSS	0.3415135135135135
51	ZCAm4	DSS2	ZCAm	DSS	0.3339189189189189
52	ZCAm4	DSS3	ZCAm	DSS	0.38164864864864867
53	ZCAm4	DSS4	ZCAm	DSS	0.37854054054054054
54	ZCAm4	DSS5	ZCAm	DSS	0.5145945945945946
55	ZCAm5	DSS1	ZCAm	DSS	0.3647297297297297
56	ZCAm5	DSS2	ZCAm	DSS	0.37154054054054053
57	ZCAm5	DSS3	ZCAm	DSS	0.40456756756756757
58	ZCAm5	DSS4	ZCAm	DSS	0.3852162162162162
59	ZCAm5	DSS5	ZCAm	DSS	0.46356756756756756
60	ZCAm1	ZCAh1	ZCAm	ZCAh	0.39494594594594595
61	ZCAm1	ZCAh2	ZCAm	ZCAh	0.35462162162162164
62	ZCAm1	ZCAh3	ZCAm	ZCAh	0.3912432432432432
63	ZCAm1	ZCAh4	ZCAm	ZCAh	0.4209459459459459
64	ZCAm1	ZCAh5	ZCAm	ZCAh	0.47102702702702703
65	ZCAm2	ZCAh1	ZCAm	ZCAh	0.2894054054054054
66	ZCAm2	ZCAh2	ZCAm	ZCAh	0.312
67	ZCAm2	ZCAh3	ZCAm	ZCAh	0.31091891891891893
68	ZCAm2	ZCAh4	ZCAm	ZCAh	0.2725945945945946
69	ZCAm2	ZCAh5	ZCAm	ZCAh	0.37024324324324326
70	ZCAm3	ZCAh1	ZCAm	ZCAh	0.33635135135135136
71	ZCAm3	ZCAh2	ZCAm	ZCAh	0.2858918918918919
72	ZCAm3	ZCAh3	ZCAm	ZCAh	0.3151891891891892
73	ZCAm3	ZCAh4	ZCAm	ZCAh	0.3348108108108108
74	ZCAm3	ZCAh5	ZCAm	ZCAh	0.34537837837837837
75	ZCAm4	ZCAh1	ZCAm	ZCAh	0.2931891891891892
76	ZCAm4	ZCAh2	ZCAm	ZCAh	0.26637837837837836
77	ZCAm4	ZCAh3	ZCAm	ZCAh	0.27818918918918917
78	ZCAm4	ZCAh4	ZCAm	ZCAh	0.2734864864864865
79	ZCAm4	ZCAh5	ZCAm	ZCAh	0.3493243243243243
80	ZCAm5	ZCAh1	ZCAm	ZCAh	0.31332432432432433
81	ZCAm5	ZCAh2	ZCAm	ZCAh	0.2728378378378378
82	ZCAm5	ZCAh3	ZCAm	ZCAh	0.35183783783783784
83	ZCAm5	ZCAh4	ZCAm	ZCAh	0.2800810810810811
84	ZCAm5	ZCAh5	ZCAm	ZCAh	0.27297297297297296
85	ZCAm1	ZnCA1	ZCAm	ZnCA	0.4758918918918919
86	ZCAm1	ZnCA2	ZCAm	ZnCA	0.46745945945945944
87	ZCAm1	ZnCA3	ZCAm	ZnCA	0.4209189189189189
88	ZCAm1	ZnCA4	ZCAm	ZnCA	0.438972972972973
89	ZCAm1	ZnCA5	ZCAm	ZnCA	0.43554054054054053
90	ZCAm2	ZnCA1	ZCAm	ZnCA	0.33978378378378377
91	ZCAm2	ZnCA2	ZCAm	ZnCA	0.2868918918918919
92	ZCAm2	ZnCA3	ZCAm	ZnCA	0.28802702702702704
93	ZCAm2	ZnCA4	ZCAm	ZnCA	0.3667027027027027
94	ZCAm2	ZnCA5	ZCAm	ZnCA	0.29386486486486485
95	ZCAm3	ZnCA1	ZCAm	ZnCA	0.31067567567567567
96	ZCAm3	ZnCA2	ZCAm	ZnCA	0.3615135135135135
97	ZCAm3	ZnCA3	ZCAm	ZnCA	0.36364864864864865
98	ZCAm3	ZnCA4	ZCAm	ZnCA	0.2915945945945946
99	ZCAm3	ZnCA5	ZCAm	ZnCA	0.3265945945945946
100	ZCAm4	ZnCA1	ZCAm	ZnCA	0.35264864864864864
101	ZCAm4	ZnCA2	ZCAm	ZnCA	0.2823243243243243
102	ZCAm4	ZnCA3	ZCAm	ZnCA	0.28583783783783784
103	ZCAm4	ZnCA4	ZCAm	ZnCA	0.30475675675675673
104	ZCAm4	ZnCA5	ZCAm	ZnCA	0.27986486486486484
105	ZCAm5	ZnCA1	ZCAm	ZnCA	0.24727027027027026
106	ZCAm5	ZnCA2	ZCAm	ZnCA	0.2574864864864865
107	ZCAm5	ZnCA3	ZCAm	ZnCA	0.3242432432432432
108	ZCAm5	ZnCA4	ZCAm	ZnCA	0.2684594594594595
109	ZCAm5	ZnCA5	ZCAm	ZnCA	0.20216216216216215
0	ZnCA2	ZnCA1	ZnCA	ZnCA	0.2568648648648649
1	ZnCA3	ZnCA1	ZnCA	ZnCA	0.3540810810810811
2	ZnCA3	ZnCA2	ZnCA	ZnCA	0.30435135135135133
3	ZnCA4	ZnCA1	ZnCA	ZnCA	0.24156756756756756
4	ZnCA4	ZnCA2	ZnCA	ZnCA	0.2311081081081081
5	ZnCA4	ZnCA3	ZnCA	ZnCA	0.3707027027027027
6	ZnCA5	ZnCA1	ZnCA	ZnCA	0.22027027027027027
7	ZnCA5	ZnCA2	ZnCA	ZnCA	0.19208108108108107
8	ZnCA5	ZnCA3	ZnCA	ZnCA	0.25089189189189187
9	ZnCA5	ZnCA4	ZnCA	ZnCA	0.24316216216216216
10	ZnCA1	Con1	ZnCA	Con	0.7024054054054054
11	ZnCA1	Con2	ZnCA	Con	0.7057567567567568
12	ZnCA1	Con3	ZnCA	Con	0.6821351351351351
13	ZnCA1	Con4	ZnCA	Con	0.6543243243243243
14	ZnCA1	Con5	ZnCA	Con	0.6871351351351351
15	ZnCA2	Con1	ZnCA	Con	0.7143783783783784
16	ZnCA2	Con2	ZnCA	Con	0.737945945945946
17	ZnCA2	Con3	ZnCA	Con	0.6872162162162162
18	ZnCA2	Con4	ZnCA	Con	0.6637027027027027
19	ZnCA2	Con5	ZnCA	Con	0.7004324324324325
20	ZnCA3	Con1	ZnCA	Con	0.6746756756756757
21	ZnCA3	Con2	ZnCA	Con	0.6678378378378378
22	ZnCA3	Con3	ZnCA	Con	0.6328918918918919
23	ZnCA3	Con4	ZnCA	Con	0.6259189189189189
24	ZnCA3	Con5	ZnCA	Con	0.6618918918918919
25	ZnCA4	Con1	ZnCA	Con	0.6933783783783783
26	ZnCA4	Con2	ZnCA	Con	0.714081081081081
27	ZnCA4	Con3	ZnCA	Con	0.6613243243243243
28	ZnCA4	Con4	ZnCA	Con	0.6218108108108108
29	ZnCA4	Con5	ZnCA	Con	0.6747297297297298
30	ZnCA5	Con1	ZnCA	Con	0.6677567567567567
31	ZnCA5	Con2	ZnCA	Con	0.6871891891891891
32	ZnCA5	Con3	ZnCA	Con	0.6357297297297297
33	ZnCA5	Con4	ZnCA	Con	0.6120810810810811
34	ZnCA5	Con5	ZnCA	Con	0.6571081081081082
35	ZnCA1	DSS1	ZnCA	DSS	0.3671621621621622
36	ZnCA1	DSS2	ZnCA	DSS	0.36889189189189187
37	ZnCA1	DSS3	ZnCA	DSS	0.4396216216216216
38	ZnCA1	DSS4	ZnCA	DSS	0.40362162162162163
39	ZnCA1	DSS5	ZnCA	DSS	0.40675675675675677
40	ZnCA2	DSS1	ZnCA	DSS	0.3477297297297297
41	ZnCA2	DSS2	ZnCA	DSS	0.3104054054054054
42	ZnCA2	DSS3	ZnCA	DSS	0.3251891891891892
43	ZnCA2	DSS4	ZnCA	DSS	0.4127837837837838
44	ZnCA2	DSS5	ZnCA	DSS	0.46213513513513516
45	ZnCA3	DSS1	ZnCA	DSS	0.314
46	ZnCA3	DSS2	ZnCA	DSS	0.37348648648648647
47	ZnCA3	DSS3	ZnCA	DSS	0.34843243243243244
48	ZnCA3	DSS4	ZnCA	DSS	0.39937837837837836
49	ZnCA3	DSS5	ZnCA	DSS	0.5758648648648649
50	ZnCA4	DSS1	ZnCA	DSS	0.3784324324324324
51	ZnCA4	DSS2	ZnCA	DSS	0.3342972972972973
52	ZnCA4	DSS3	ZnCA	DSS	0.3858378378378378
53	ZnCA4	DSS4	ZnCA	DSS	0.4127837837837838
54	ZnCA4	DSS5	ZnCA	DSS	0.44413513513513514
55	ZnCA5	DSS1	ZnCA	DSS	0.34383783783783783
56	ZnCA5	DSS2	ZnCA	DSS	0.3452972972972973
57	ZnCA5	DSS3	ZnCA	DSS	0.38064864864864867
58	ZnCA5	DSS4	ZnCA	DSS	0.396
59	ZnCA5	DSS5	ZnCA	DSS	0.44551351351351354
60	ZnCA1	ZCAh1	ZnCA	ZCAh	0.31824324324324327
61	ZnCA1	ZCAh2	ZnCA	ZCAh	0.2600810810810811
62	ZnCA1	ZCAh3	ZnCA	ZCAh	0.3142162162162162
63	ZnCA1	ZCAh4	ZnCA	ZCAh	0.2720810810810811
64	ZnCA1	ZCAh5	ZnCA	ZCAh	0.20218918918918918
65	ZnCA2	ZCAh1	ZnCA	ZCAh	0.31448648648648647
66	ZnCA2	ZCAh2	ZnCA	ZCAh	0.2622702702702703
67	ZnCA2	ZCAh3	ZnCA	ZCAh	0.30986486486486486
68	ZnCA2	ZCAh4	ZnCA	ZCAh	0.23672972972972972
69	ZnCA2	ZCAh5	ZnCA	ZCAh	0.30745945945945946
70	ZnCA3	ZCAh1	ZnCA	ZCAh	0.2923513513513514
71	ZnCA3	ZCAh2	ZnCA	ZCAh	0.2927567567567568
72	ZnCA3	ZCAh3	ZnCA	ZCAh	0.34654054054054056
73	ZnCA3	ZCAh4	ZnCA	ZCAh	0.32154054054054054
74	ZnCA3	ZCAh5	ZnCA	ZCAh	0.34313513513513516
75	ZnCA4	ZCAh1	ZnCA	ZCAh	0.28986486486486485
76	ZnCA4	ZCAh2	ZnCA	ZCAh	0.24916216216216217
77	ZnCA4	ZCAh3	ZnCA	ZCAh	0.25145945945945947
78	ZnCA4	ZCAh4	ZnCA	ZCAh	0.2262972972972973
79	ZnCA4	ZCAh5	ZnCA	ZCAh	0.31308108108108107
80	ZnCA5	ZCAh1	ZnCA	ZCAh	0.2574054054054054
81	ZnCA5	ZCAh2	ZnCA	ZCAh	0.21305405405405406
82	ZnCA5	ZCAh3	ZnCA	ZCAh	0.2656486486486486
83	ZnCA5	ZCAh4	ZnCA	ZCAh	0.20997297297297296
84	ZnCA5	ZCAh5	ZnCA	ZCAh	0.2184054054054054
85	ZnCA1	ZCAm1	ZnCA	ZCAm	0.4758918918918919
86	ZnCA1	ZCAm2	ZnCA	ZCAm	0.33978378378378377
87	ZnCA1	ZCAm3	ZnCA	ZCAm	0.31067567567567567
88	ZnCA1	ZCAm4	ZnCA	ZCAm	0.35264864864864864
89	ZnCA1	ZCAm5	ZnCA	ZCAm	0.24727027027027026
90	ZnCA2	ZCAm1	ZnCA	ZCAm	0.46745945945945944
91	ZnCA2	ZCAm2	ZnCA	ZCAm	0.2868918918918919
92	ZnCA2	ZCAm3	ZnCA	ZCAm	0.3615135135135135
93	ZnCA2	ZCAm4	ZnCA	ZCAm	0.2823243243243243
94	ZnCA2	ZCAm5	ZnCA	ZCAm	0.2574864864864865
95	ZnCA3	ZCAm1	ZnCA	ZCAm	0.4209189189189189
96	ZnCA3	ZCAm2	ZnCA	ZCAm	0.28802702702702704
97	ZnCA3	ZCAm3	ZnCA	ZCAm	0.36364864864864865
98	ZnCA3	ZCAm4	ZnCA	ZCAm	0.28583783783783784
99	ZnCA3	ZCAm5	ZnCA	ZCAm	0.3242432432432432
100	ZnCA4	ZCAm1	ZnCA	ZCAm	0.438972972972973
101	ZnCA4	ZCAm2	ZnCA	ZCAm	0.3667027027027027
102	ZnCA4	ZCAm3	ZnCA	ZCAm	0.2915945945945946
103	ZnCA4	ZCAm4	ZnCA	ZCAm	0.30475675675675673
104	ZnCA4	ZCAm5	ZnCA	ZCAm	0.2684594594594595
105	ZnCA5	ZCAm1	ZnCA	ZCAm	0.43554054054054053
106	ZnCA5	ZCAm2	ZnCA	ZCAm	0.29386486486486485
107	ZnCA5	ZCAm3	ZnCA	ZCAm	0.3265945945945946
108	ZnCA5	ZCAm4	ZnCA	ZCAm	0.27986486486486484
109	ZnCA5	ZCAm5	ZnCA	ZCAm	0.20216216216216215
